<!--<rect name="meter_generic_up">-->
   <!-- START OF ARGUMENTS ----------------------------------------- >
      Arguments. You must supply values for them AFTER the INCLUDE 
      tag, or your values will be overwritten with these defaults.
      
      Note also that Oblivion's XML parser chokes on any property 
      values that come after child elements (unless MenuQue is 
      installed). If you wish to set properties other than these 
      arguments, those properties must precede the INCLUDE tag.
   <!------------------------------------------------------------- -->
   <_fillImage>Menus\NorthernUI\meters\generic_upward\hd_fill_generic.dds</_fillImage>
   <_fillPercent>1.0</_fillPercent>
   <clips>&false;</clips>
   <zoom>33</zoom>
   <_align>&left;</_align> <!-- meter fill align -->
   <_opacity>255</_opacity> <!-- advise mostly opaque, or the fade-cover will look weird -->
   
   <!-- START OF ELEMENT DEFINITION -------------------------------- >
      What follows is the actual content of the element.
   <!------------------------------------------------------------- -->
   <locus>&true;</locus>
   <width>180</width>
   <height><copy src="child(endcap_l)" trait="height" /></height>
   
   <_diff>
      <copy src="child(endcap_l)" trait="width" />
      <sub  src="child(fillcap_cover_l)" trait="width" />
   </_diff>
   <_pixelAsPercent> <!-- out-variable -->
      <copy>1</copy>
      <div>
         <copy>1</copy>
         <max> <!-- left/right -->
            <copy src="me()" trait="width" />
            <sub  src="me()" trait="_diff" />
            <sub  src="me()" trait="_diff" />
            <onlyif>
               <copy src="me()" trait="_align" /><neq>&center;</neq>
            </onlyif>
         </max>
         <max> <!-- center -->
            <copy src="me()" trait="width" />
            <div>2</div>
            <sub  src="me()" trait="_diff" />
            <onlyif>
               <copy src="me()" trait="_align" /><eq>&center;</eq>
            </onlyif>
         </max>
      </div>
   </_pixelAsPercent>
   
   <image name="endcap_l">
      <clips><copy src="parent()" trait="clips" /></clips>
      <zoom><copy src="parent()" trait="zoom" /></zoom>
      <filename>Menus\NorthernUI\meters\generic_upward\hd_endcaps_caret.dds</filename>
      <depth>1</depth>
      <width>
         <copy src="me()" trait="filewidth" />
         <div>2</div>
      </width>
      <height><copy src="me()" trait="fileheight" /></height>
      <x>0</x>
      <y>0</y>
      <alpha><copy src="parent()" trait="_opacity" /></alpha>
   </image>
   <image name="endcap_r">
      <clips><copy src="parent()" trait="clips" /></clips>
      <zoom><copy src="parent()" trait="zoom" /></zoom>
      <filename>Menus\NorthernUI\meters\generic_upward\hd_endcaps_caret.dds</filename>
      <depth>1</depth>
      <width>
         <copy src="me()" trait="filewidth" />
         <div>2</div>
      </width>
      <height><copy src="me()" trait="fileheight" /></height>
      <x>
         <copy src="parent()" trait="width" />
         <sub  src="me()"     trait="width" />
      </x>
      <y>0</y>
      <cropx><copy src="me()" trait="width" /></cropx>
      <alpha><copy src="parent()" trait="_opacity" /></alpha>
   </image>
   <image name="mid">
      <clips><copy src="parent()" trait="clips" /></clips>
      <zoom><copy src="parent()" trait="zoom" /></zoom>
      <filename>Menus\NorthernUI\meters\generic_upward\hd_mid.dds</filename>
      <depth>1</depth>
      <width>
         <copy src="sibling(endcap_r)" trait="x" />
         <sub  src="sibling(endcap_l)" trait="width" />
      </width>
      <height><copy src="me()" trait="fileheight" /></height>
      <x><copy src="sibling(endcap_l)" trait="width" /></x>
      <y>0</y>
      <tile>&true;</tile>
      <alpha><copy src="parent()" trait="_opacity" /></alpha>
   </image>
   
   <image name="contents">
      <clips><copy src="parent()" trait="clips" /></clips>
      <zoom><copy src="parent()" trait="zoom" /></zoom>
      <filename><copy src="parent()" trait="_fillImage" /></filename>
      <depth>1.5</depth>
      <_centeredWidth>
         <copy src="parent()" trait="_fillPercent" />
         <max>0</max>
         <min>1</min>
         <mult>
            <copy src="parent()" trait="width" />
            <div>2</div>
            <sub  src="parent()" trait="_diff" />
         </mult>
      </_centeredWidth>
      <x>
         <copy src="parent()" trait="_diff" />
         <onlyif>
            <copy src="parent()" trait="_align" /><eq>&left;</eq>
         </onlyif>
         <max>
            <copy src="parent()" trait="width" />
            <div>2</div>
            <sub  src="me()" trait="_centeredWidth" />
            <onlyif>
               <copy src="parent()" trait="_align" /><eq>&center;</eq>
            </onlyif>
         </max>
         <max>
            <copy src="parent()" trait="width" />
            <sub  src="me()"     trait="width" />
            <sub  src="parent()" trait="_diff" />
            <onlyif>
               <copy src="parent()" trait="_align" /><eq>&right;</eq>
            </onlyif>
         </max>
      </x>
      <y>
         <copy src="parent()" trait="height" />
         <sub  src="me()"     trait="height" />
         <div>2</div>
      </y>
      <width>
         <copy src="parent()" trait="_fillPercent" />
         <max>0</max>
         <min>1</min>
         <mult>
            <copy src="parent()" trait="width" />
            <sub  src="parent()" trait="_diff" />
            <sub  src="parent()" trait="_diff" />
         </mult>
         <onlyif>
            <copy src="parent()" trait="_align" /><neq>&center;</neq>
         </onlyif>
         <max>
            <copy src="me()" trait="_centeredWidth" />
            <mult>2</mult>
         </max>
      </width>
      <height><copy src="me()" trait="fileheight" /></height>
      <tile>&true;</tile>
      <alpha><copy src="parent()" trait="_opacity" /></alpha>
   </image>
   <image name="fillcap_cover_l">
      <clips><copy src="parent()" trait="clips" /></clips>
      <zoom><copy src="parent()" trait="zoom" /></zoom>
      <depth>2</depth>
      <filename>Menus\NorthernUI\meters\generic_upward\hd_fill_endcap_cover_caret.dds</filename>
      <width>
         <copy src="me()" trait="filewidth" />
         <div>2</div>
      </width>
      <height><copy src="me()" trait="fileheight" /></height>
      <x><copy src="sibling(contents)" trait="x" /></x>
      <y><copy src="sibling(contents)" trait="y" /></y>
      <alpha> <!-- try and blend it -->
         <copy>255</copy>
         <sub  src="parent()" trait="_opacity" />
         <div>2</div>
         <add  src="parent()" trait="_opacity" />
      </alpha>
   </image>
   <image name="fillcap_cover_r">
      <clips><copy src="parent()" trait="clips" /></clips>
      <zoom><copy src="parent()" trait="zoom" /></zoom>
      <depth>2</depth>
      <filename>Menus\NorthernUI\meters\generic_upward\hd_fill_endcap_cover_caret.dds</filename>
      <width>
         <copy src="me()" trait="filewidth" />
         <div>2</div>
      </width>
      <height><copy src="me()" trait="fileheight" /></height>
      <cropX><copy src="me()" trait="width" /></cropX>
      <x><copy src="sibling(endcap_r)" trait="x" /></x>
      <y><copy src="sibling(contents)" trait="y" /></y>
      <alpha> <!-- try and blend it -->
         <copy>255</copy>
         <sub  src="parent()" trait="_opacity" />
         <div>2</div>
         <add  src="parent()" trait="_opacity" />
      </alpha>
   </image>
<!--</rect>-->