<!--<rect name="hudmain_health">-->
   <!-- START OF ARGUMENTS ----------------------------------------- >
      Arguments. You must supply values for them AFTER the INCLUDE 
      tag, or your values will be overwritten with these defaults.
      
      Note also that Oblivion's XML parser chokes on any property 
      values that come after child elements (unless MenuQue is 
      installed). If you wish to set properties other than these 
      arguments, those properties must precede the INCLUDE tag.
   <!------------------------------------------------------------- -->
   <_fillImage>Menus\NorthernUI\meters\statbar\hd_fill_health.dds</_fillImage>
   <_fillPercent>1.0</_fillPercent>
   <clips>&false;</clips>
   <zoom>50</zoom>
   <_alpha>255</_alpha>
   
   <!-- START OF ELEMENT DEFINITION -------------------------------- >
      What follows is the actual content of the element.
   <!------------------------------------------------------------- -->
   <locus>&true;</locus>
   <width>320</width>
   <height><copy src="child(endcap_l)" trait="height" /></height>
   
   <image name="endcap_l">
      <clips><copy src="parent()" trait="clips" /></clips>
      <zoom><copy src="parent()" trait="zoom" /></zoom>
      <filename>Menus\NorthernUI\meters\statbar\hd_endcaps.dds</filename>
      <depth>1</depth>
      <width>
         <copy src="me()" trait="filewidth" />
         <div>2</div>
      </width>
      <height><copy src="me()" trait="fileheight" /></height>
      <x>0</x>
      <y>0</y>
      <alpha><copy src="parent()" trait="_alpha" /></alpha>
   </image>
   <image name="endcap_r">
      <clips><copy src="parent()" trait="clips" /></clips>
      <zoom><copy src="parent()" trait="zoom" /></zoom>
      <filename>Menus\NorthernUI\meters\statbar\hd_endcaps.dds</filename>
      <depth>1</depth>
      <width>
         <copy src="me()" trait="filewidth" />
         <div>2</div>
      </width>
      <height><copy src="me()" trait="fileheight" /></height>
      <x>
         <copy src="parent()" trait="width" />
         <sub  src="me()"     trait="width" />
      </x>
      <y>0</y>
      <cropx><copy src="me()" trait="width" /></cropx>
      <alpha><copy src="parent()" trait="_alpha" /></alpha>
   </image>
   <image name="mid">
      <clips><copy src="parent()" trait="clips" /></clips>
      <zoom><copy src="parent()" trait="zoom" /></zoom>
      <filename>Menus\NorthernUI\meters\statbar\hd_mid.dds</filename>
      <depth>1</depth>
      <width>
         <copy src="sibling(endcap_r)" trait="x" />
         <sub  src="sibling(endcap_l)" trait="width" />
      </width>
      <height><copy src="me()" trait="fileheight" /></height>
      <x><copy src="sibling(endcap_l)" trait="width" /></x>
      <y>0</y>
      <tile>&true;</tile>
      <alpha><copy src="parent()" trait="_alpha" /></alpha>
   </image>
   
   <image name="contents">
      <clips><copy src="parent()" trait="clips" /></clips>
      <zoom><copy src="parent()" trait="zoom" /></zoom>
      <filename><copy src="parent()" trait="_fillImage" /></filename>
      <depth>2</depth>
      <x><copy src="sibling(endcap_l)" trait="width" /></x>
      <y>
         <copy src="parent()" trait="height" />
         <sub  src="me()"     trait="height" />
         <div>2</div>
      </y>
      <width>
         <copy src="parent()" trait="_fillPercent" />
         <max>0</max>
         <min>1</min>
         <mul><copy src="sibling(mid)" trait="width" /></mul>
      </width>
      <height><copy src="me()" trait="fileheight" /></height>
      <tile>&true;</tile>
      <alpha><copy src="parent()" trait="_alpha" /></alpha>
   </image>
<!--</rect>-->