<!--<rect name="option_slider">-->
   <!-- args -->
   <user0>&generic;</user0> <!-- slider ID -->
   <user1>&generic;</user1> <!-- slider thumb ID -->
   <user2>10</user2> <!-- slider jump distance -->
   <user3>1</user3> <!-- slider step distance -->
   <user4>0</user4> <!-- slider min -->
   <user5>100</user5> <!-- slider max -->
   <user8>&false;</user8> <!-- slider shows numeric value? -->
   <user10>200</user10> <!-- label column width -->
   <user11></user11> <!-- label -->
   
   <!--
      The default LISTINDEX is sibling() + 1, but if you use 
      that from the first option in the list, then sibling() 
      selects the last sibling -- creating a cyclical refer-
      ence. Specifying a const 0 won't fix it, but specifying 
      a COPY operator with a const 0 will.
      
      A similar problem exists for the Y trait.
      
      So, the first option in the list must have:
      
         <listindex><copy>0</copy></listindex>
         <y><copy>0</copy></y>
      
      AFTER the INCLUDE tag.
   -->
   
   <user24> <!-- NorthernUI: XXNOptionsMenu: allow reset -->
      <copy src="menu()"   trait="_currentSubmenuID" />
      <eq   src="parent()" trait="_submenuID" />
      <or>
         <copy src="menu()" trait="_usesSubmenus" /><neq>&true;</neq>
      </or>
   </user24>

   <id>&generic;</id>
   <clips>&true;</clips>
   <listindex>
      <copy src="sibling()" trait="listindex" />
      <add>1</add>
   </listindex>
   <locus>&true;</locus>
   <x>0</x>
   <y>
      <copy   src="sibling()" trait="height" />
      <onlyifnot>
         <copy src="sibling()" trait="visible" /><eq>&false;</eq>
      </onlyifnot>
      <add    src="sibling()" trait="y" />
   </y>
   <width><copy src="parent()" trait="width" /></width>
   <height>
      <copy src="child(label)" trait="height" />
      <add>8</add>
   </height>
   
   <target>&true;</target>
   <xdefault>&true;</xdefault>
   <xlist>&xitem;</xlist>
   <xup>  &prev;</xup>
   <xdown>&next;</xdown>
   <xleft>    <ref src="child(horizontal_scroll_left)"  trait="clicked" /></xleft>
   <xright>   <ref src="child(horizontal_scroll_right)" trait="clicked" /></xright>
   <xbuttonlb><ref src="child(horizontal_scroll_leftside)"  trait="clicked" /></xbuttonlb>
   <xbuttonrb><ref src="child(horizontal_scroll_rightside)" trait="clicked" /></xbuttonrb>
   <xscroll>
      <copy src="me()" trait="listindex" />
      <sub>
         <copy src="parent()" trait="user8" />
         <div> 2</div>
         <ceil>0</ceil>
      </sub>
      <add>1</add>
   </xscroll>
   
   <_mouseover_any>
      <copy src="me()" trait="mouseover" />
      <add  src="child(slider)" trait="_mouseover_any" />
      <gt>0</gt>
      <sub>1</sub>
   </_mouseover_any>
   
   <depth>10</depth> <!-- The root element is what gets focus, so child elements need to be behind it. -->
   
   <text name="label">
      <depth>-8</depth>
      <clips>&true;</clips>
      <include src="NorthernUI\fonts\normal.xml" />
      <string><copy src="parent()" trait="user11" /></string>
      <alpha>
         <copy>128</copy>
         <max>
            <copy>255</copy>
            <onlyif src="parent()" trait="target" />
         </max>
      </alpha>
      <red>
         <copy>140</copy>
         <max>
            <copy>255</copy>
            <mult src="parent()" trait="mouseover" />
         </max>
         <max>
            <copy>255</copy>
            <mult src="sibling(slider)" trait="_mouseover_any" />
         </max>
      </red>
      <green><copy src="me()" trait="red" /></green>
      <blue> <copy src="me()" trait="red" /></blue>
      <x>0</x>
      <y>
         <copy src="parent()" trait="height" />
         <sub  src="me()"     trait="height" />
         <div>2</div>
      </y>
   </text>
   <image name="slider">
      <!--
         we can't use our usual wrapper/wrapped prefabs here. doing so causes memory 
         corruption, because Oblivion is a stable program that has withstood the test 
         of time a full decade after its initial release.
      -->
      <include src="horizontal_scroll.xml" />
      <zoom>25</zoom>
      <clips>&true;</clips>
      <id><copy src="parent()" trait="user0" /></id>
      <x>
         <copy src="parent()" trait="user10" />
         <add  src="child(horizontal_scroll_left)" trait="width" />
      </x>
      <y>
         <copy src="parent()" trait="height" />
         <sub  src="me()"     trait="height" />
         <div>2</div>
      </y>
      <width>
         <copy src="parent()" trait="width" />
         <sub  src="me()"     trait="x" />
         <sub  src="child(horizontal_scroll_right)" trait="width" />
      </width>
      <depth>3</depth>
      
      <alpha>
         <copy>128</copy>
         <max>
            <copy>255</copy>
            <onlyif src="parent()" trait="target" />
         </max>
      </alpha>
      
      <user1><copy src="parent()" trait="user4" /></user1> <!-- minimum range value -->
      <user2><copy src="parent()" trait="user5" /></user2> <!-- maximum range value -->
      <user3><copy src="parent()" trait="user3" /></user3> <!-- step distance -->
      <user4><copy src="parent()" trait="user2" /></user4> <!-- jump distance -->
      <user6><copy src="parent()" trait="user1" /></user6> <!-- scroll marker id -->
      <user8><copy src="parent()" trait="user8" /></user8> <!-- visibility of slider value -->
      <user15>1</user15> <!-- thumb style; 1 == slider -->
      <user16>
         <copy src="parent()" trait="mouseover" />
      </user16>
   </image>
<!--</rect>-->