<!--<rect name="option_button">-->
   <!-- args -->
   <id>&generic;</id>
   <user0>0</user0> <!-- set by executable: index of control -->
   <user1>256</user1> <!-- set by executable: keycode (proprietary) -->
   <user10>200</user10> <!-- label column width -->
   <user12>
      <copy src="me()" trait="user1" />
      <add>1</add>
      <add> <!-- support for PlayStation button names -->
         <copy>100</copy>
         <onlyif src="NorthernUI()" trait="_xxnUsePlaystationButtonIcons" />
      </add>
      <copy src="menu()" trait="_keynames_" />
   </user12> <!-- displayed value -->
   <string></string> <!-- label; set by executable for XXNControlsMenu -->
   
   <!--
      The default LISTINDEX is sibling() + 1, but if you use 
      that from the first option in the list, then sibling() 
      selects the last sibling -- creating a cyclical refer-
      ence. Specifying a const 0 won't fix it, but specifying 
      a COPY operator with a const 0 will.
      
      A similar problem exists for the Y trait.
      
      So, the first option in the list must have:
      
         <listindex><copy>0</copy></listindex>
         <y><copy>0</copy></y>
      
      AFTER the INCLUDE tag.
   -->

   <clips>&true;</clips>
   <listindex>
      <copy src="sibling()" trait="listindex" />
      <add>1</add>
   </listindex>
   <locus>&true;</locus>
   <x>0</x>
   <y>
      <copy   src="sibling()" trait="height" />
      <onlyifnot>
         <copy src="sibling()" trait="visible" /><eq>&false;</eq>
      </onlyifnot>
      <add    src="sibling()" trait="y" />
   </y>
   <width><copy src="parent()" trait="width" /></width>
   <height>
      <copy src="child(label)" trait="height" />
      <add>8</add>
   </height>
   
   <target>&true;</target>
   <clicksound>3</clicksound>
   <xdefault>&true;</xdefault>
   <xlist>&xitem;</xlist>
   <xup>  &prev;</xup>
   <xdown>&next;</xdown>
   <xscroll>
      <copy src="me()" trait="listindex" />
      <sub>
         <copy src="parent()" trait="user8" />
         <div> 2</div>
         <ceil>0</ceil>
      </sub>
      <add>1</add>
   </xscroll>
   
   <_mouseover_any>
      <copy src="me()" trait="mouseover" />
   </_mouseover_any>
   
   <depth>10</depth> <!-- The root element is what gets focus, so child elements need to be behind it. -->
   
   <text name="label">
      <depth>-8</depth>
      <clips>&true;</clips>
      <include src="NorthernUI\fonts\normal.xml" />
      <string><copy src="parent()" trait="string" /></string>
      <alpha>
         <copy>128</copy>
         <max>
            <copy>255</copy>
            <onlyif src="parent()" trait="target" />
         </max>
      </alpha>
      <red>
         <copy>140</copy>
         <max>
            <copy>255</copy>
            <mult src="parent()" trait="mouseover" />
         </max>
      </red>
      <green><copy src="me()" trait="red" /></green>
      <blue> <copy src="me()" trait="red" /></blue>
      <x>0</x>
      <y>
         <copy src="parent()" trait="height" />
         <sub  src="me()"     trait="height" />
         <div>2</div>
      </y>
   </text>
   <text name="value">
      <depth>-8</depth>
      <clips>&true;</clips>
      <include src="NorthernUI\fonts\normal.xml" />
      <string><copy src="parent()" trait="user12" /></string>
      <x><copy src="parent()" trait="width" /></x>
      <y>
         <copy src="parent()" trait="height" />
         <sub  src="me()"     trait="height" />
         <div>2</div>
      </y>
      <string><copy src="parent()" trait="user12" /></string>
      <justify>&right;</justify>
      <alpha>
         <copy>128</copy>
         <max>
            <copy>255</copy>
            <onlyif src="parent()" trait="target" />
         </max>
      </alpha>
      <red>
         <copy>140</copy>
         <max>
            <copy>255</copy>
            <mult src="parent()" trait="mouseover" />
         </max>
      </red>
      <green><copy src="me()" trait="red" /></green>
      <blue> <copy src="me()" trait="red" /></blue>
   </text>
<!--</rect>-->