<!-- horiz_floating_scroll.xml -->
<!-- image name="horiz_floating_scroll" -->
	<id> &generic; </id>		<!-- MUST change -->
	<locus> &true; </locus>
	<depth> 1 </depth>
   <filename>Menus\Shared\shared_empty.dds</filename>
	<height><copy src="child(track)" trait="height" /></height>
	<width> 400 </width>		<!-- default, may change -- marks the distance between the two arrows, not including them -->
	<x> 0 </x>					<!-- default, may change -- marks the position of the right edge of the left arrow -->
	<y> 0 </y>					<!-- default, may change -->
   <zoom>50</zoom> <!-- scrollbar size; 50 is the default; 25 is also an option -->
	<alpha>
		<copy> 128 </copy>
		<onlyif src="me()" trait="user13"/>
		<add> 127 </add>
	</alpha>
	<clips>&false;</clips>
	<user1> 0 </user1>			<!-- minimum range value -->
	<user2> 100 </user2>		<!-- maximum range value -->
	<user3>						<!-- step distance -->
		<copy> 4 </copy>
		<onlyif> &xbox; </onlyif>
		<add> 1 </add>
	</user3>
	<user4> 10 </user4>			<!-- jump distance -->
	<user5> 0 </user5>			<!-- starting value -->
	<user6> -1 </user6>			<!-- marker's id -- must change to enable dragging -->
	<user7>						<!-- current value as ineger between min and max -->
		<copy src="child(horizontal_scroll_marker)" trait="_value_scrolled_to"/>
	</user7>
	<user8> &true; </user8>		<!-- is text value field visible -->
	<user9>						<!-- current value as percentage -->
		<copy src="child(horizontal_scroll_marker)" trait="_value_scrolled_to"/>
		<sub  src="me()" trait="user1"/>
		<div  src="me()" trait="user2"/>
	</user9>
	<user10>140</user10>		<!-- red component of quantity text color -->
	<user11>140</user11>		<!-- green component of quantity text color -->
	<user12>140</user12>		<!-- blue component of quantity text color -->
	<user13>&true;</user13>	<!-- true if enabled, false if disabled -->
   <user15>2</user15> <!-- thumb style (1 = slider; 2 = scrollbar) -->
   <user16>0</user16> <!-- force mouseover (0 = no; 1 = yes) -->
	<_scrollable_range>
		<copy src="me()" trait="user2"/>
		<sub  src="me()" trait="user1"/>
	</_scrollable_range>
	<_mouseover_any>
		<copy src="child(horizontal_scroll_leftside)"  trait="mouseover"/>
		<add  src="child(horizontal_scroll_rightside)" trait="mouseover"/>
		<add  src="child(horizontal_scroll_left)"      trait="mouseover"/>
		<add  src="child(horizontal_scroll_right)"     trait="mouseover"/>
		<add  src="child(horizontal_scroll_marker)"    trait="mouseover"/>
		<add  src="me()" trait="user16" />
		<gt> 0 </gt>
		<sub> 1 </sub>
	</_mouseover_any>
   
   <_isUsable> <!-- Needed to block REF operators from directing keynav to our buttons if we're hidden -->
      <copy src="me()" trait="visible" /><neq>&false;</neq>
   </_isUsable>
	
	<text name="quantity_display_text">
      <include src="NorthernUI\fonts\normal.xml" />
		<visible><copy src="parent()" trait="user8" /></visible>
		<depth>1</depth>
		<string>
         <copy src="sibling(horizontal_scroll_marker)" trait="_value_scrolled_to" />
         <mult>
            <copy>1</copy>
            <max>
               <copy>1</copy>
               <div src="parent()" trait="user3" />
               <onlyif>
                  <copy src="parent()" trait="user3" />
                  <lt>1</lt>
               </onlyif>
            </max>
         </mult>
      </string>
		<justify> &right; </justify>
		<red>
         <copy src="parent()" trait="user10" />
         <max>
            <copy>255</copy>
            <mult src="parent()" trait="_mouseover_any" />
         </max>
      </red>
		<green>
         <copy src="parent()" trait="user11" />
         <max>
            <copy>255</copy>
            <mult src="parent()" trait="_mouseover_any" />
         </max>
      </green>
		<blue>
         <copy src="parent()" trait="user12" />
         <max>
            <copy>255</copy>
            <mult src="parent()" trait="_mouseover_any" />
         </max>
      </blue>
		<x>-32</x>
		<y>
			<copy src="parent()" trait="height" />
			<sub  src="me()"     trait="height" />
			<div>2</div>
		</y>
	</text>
	
   <!-- Hitboxes for clicking on the scrollbar track: -->
	<rect name="horizontal_scroll_leftside">
		<id>&generic;</id>
		<target><copy src="parent()" trait="_isUsable" /></target>
      <clips><copy src="parent()" trait="clips" /></clips>
		<depth>2</depth>
		<width> <!-- make it long enough to stretch from the left arrow to the marker -->
			<copy src="sibling(horizontal_scroll_marker)" trait="x"/>
		</width>
		<height><copy src="sibling(track)" trait="height" /></height>
		<x>0</x>
		<y>0</y>
		<clicksound>3</clicksound>
	</rect>
	<rect name="horizontal_scroll_rightside">
		<id>&generic;</id>
		<target><copy src="parent()" trait="_isUsable" /></target>
      <clips><copy src="parent()" trait="clips" /></clips>
		<depth>2</depth>
		<width>
			<copy src="parent()" trait="width" />
			<sub  src="sibling(horizontal_scroll_leftside)" trait="width" />
			<sub  src="sibling(horizontal_scroll_marker)"   trait="width" />
		</width>
		<height><copy src="sibling(track)" trait="height" /></height>
		<x>
			<copy src="sibling(horizontal_scroll_leftside)" trait="width" />
			<add  src="sibling(horizontal_scroll_marker)"   trait="width" />
		</x>
		<y>0</y>
		<clicksound>3</clicksound>
	</rect>
   
   <!-- Scrollbar graphics: -->
   <image name="horizontal_scroll_left">
		<id>&generic;</id>
		<target><copy src="parent()" trait="_isUsable" /></target>
      <clips><copy src="parent()" trait="clips" /></clips>
      <depth>4</depth>
      <zoom><copy src="parent()" trait="zoom" /></zoom>
      <filename>Menus\NorthernUI\scrollbars\hd_h_endcaps.dds</filename>
      <width>
         <copy src="me()" trait="filewidth" />
         <div>2</div>
      </width>
      <height><copy src="me()" trait="fileheight" /></height>
		<x>
         <copy src="me()" trait="width" />
         <mult>-1</mult>
      </x>
		<y>0</y>
		<clicksound>3</clicksound>
		<xdefault>-1</xdefault>
	</image>
	<image name="horizontal_scroll_right">
		<id>&generic;</id>
		<target><copy src="parent()" trait="_isUsable" /></target>
      <clips><copy src="parent()" trait="clips" /></clips>
      <depth>4</depth>
      <zoom><copy src="parent()" trait="zoom" /></zoom>
      <filename>Menus\NorthernUI\scrollbars\hd_h_endcaps.dds</filename>
      <width>
         <copy src="me()" trait="filewidth" />
         <div>2</div>
      </width>
      <height><copy src="me()" trait="fileheight" /></height>
      <cropx> <copy src="me()" trait="width" /></cropx>
		<x><copy src="parent()" trait="width" /></x>
		<y>0</y>
		<clicksound>3</clicksound>
		<xdefault>-1</xdefault>
	</image>
	<image name="track">
      <clips><copy src="parent()" trait="clips" /></clips>
      <depth>1</depth>
      <zoom><copy src="parent()" trait="zoom" /></zoom>
      <filename>Menus\NorthernUI\scrollbars\hd_h_track.dds</filename>
      <height><copy src="me()" trait="fileheight" /></height>
      <width><copy src="parent()" trait="width" /></width>
		<x>0</x>
		<y>0</y>
      <tile>&true;</tile>
	</image>
	<image name="horizontal_scroll_marker">
		<id><copy src="parent()" trait="user6" /></id>
		<target><copy src="parent()" trait="_isUsable" /></target>
      <clips><copy src="parent()" trait="clips" /></clips>
      <depth>6</depth>
      <zoom><copy src="parent()" trait="zoom" /></zoom>
      <filename>Menus\NorthernUI\scrollbars\hd_h_thumb.dds</filename>
      <width><copy src="me()" trait="filewidth" /></width>
      <height><copy src="me()" trait="fileheight" /></height>
		<x> <!-- set my position relative to the current scroll -->
			<copy src="parent()" trait="width"/>
         <!-- == track length, so far -->
			<sub  src="me()" trait="width"/>
			<mul>
				<copy src="me()"     trait="_value_scrolled_to"/>
				<sub  src="parent()" trait="user1"/>
				<div  src="parent()" trait="_scrollable_range"/>
			</mul>
		</x>
		<y>0</y>
      
      <_filename_1>Menus\NorthernUI\scrollbars\slider_hd_h_thumb.dds</_filename_1>
      <_filename_2>Menus\NorthernUI\scrollbars\hd_h_thumb.dds</_filename_2>
      <filename>
         <copy src="parent()" trait="user15" />
         <copy src="me()"     trait="_filename_" />
      </filename>
      
      <!--
         This code actually does compute the current scroll value, which is 
         copied by the parent scrollbar's USER7 trait and (presumably) read 
         by the executable. The executable "feeds" us inputs (see comment 
         on USER9) and we're responsible for maintaining our scroll value 
         ourselves.
      -->
		<_value_scrolled_to>
			<!-- copy old value -->
			<sub>
				<copy src="sibling(horizontal_scroll_left)" trait="clicked"/>
				<mul src="parent()" trait="user3"/>
			</sub>
			<add>
				<copy src="sibling(horizontal_scroll_right)" trait="clicked"/>
				<mul src="parent()" trait="user3"/>
			</add>
			<add>
				<copy src="sibling(horizontal_scroll_rightside)" trait="clicked"/>
				<sub src="sibling(horizontal_scroll_leftside)" trait="clicked"/>
				<mul src="parent()" trait="user4"/>	<!-- jump distance -->
			</add>
			<add src="me()" trait="user9"/>
			<add src="parent()" trait="user5"/>
			<max src="parent()" trait="user1"/>
			<min src="parent()" trait="user2"/>
		</_value_scrolled_to>
		<user8>	<!-- for dragging - drag interval -->
			<copy src="parent()" trait="width"/>
         <!-- == track length, so far -->
			<sub  src="me()" trait="width" />
			<div  src="parent()" trait="_scrollable_range"/>
		</user8>
		<user9> 0 </user9>	<!-- for dragging - lines dragged -->
		<clicksound>3</clicksound>
	</image>
<!-- /image -->