<!-- sleep_wait_menu.xml -->
<menu name="SleepWaitMenu">
	<class> &SleepWaitMenu; </class>
	<stackingtype> &no_click_past; </stackingtype>
	<alpha>	0 </alpha>
	<explorefade> 0.25 </explorefade>
	<locus> &true; </locus>
	
	<user0>&false;</user0>	<!-- true if sleeping, false if waiting -->
	
	<xbuttonb> <ref src="sleep_button_cancel" trait="clicked"/> </xbuttonb>
	<xbuttona> <ref src="sleep_button_sleep_wait" trait="clicked"/> </xbuttona>
	
   <!-- NORTHERNUI EXTENSIONS
      USER22: Set to &true; to overwrite the default date/time strings with 
              custom ones.
      USER23: Custom format string for the time.
      USER24: Custom format string for the date.
      
      Note that if either USER23 or USER24 is blank, then it won't overwrite. 
      Whitespace, when not trimmed by the XML parser, does not count as 
      "blank," i.e. a string of "&nbsp;" will produce whitespace output.
   -->
   <user22>&true;</user22>
   <user23><copy src="xxnStrings()" trait="_sleepWaitFormatString01" /></user23>
   <user24><copy src="xxnStrings()" trait="_sleepWaitFormatString02" /></user24>

	<!-- BACKGROUND ============================================================================-->
	<rect name="sleep_background">
		<id> 1 </id>
		<target> &true; </target>
		<depth> 1 </depth>
		<x>
			<copy src="screen()" trait="width" />
			<sub  src="me()"     trait="width" />
         <div> 2 </div>
		</x>
		<y>
			<copy src="screen()" trait="height" />
			<sub  src="me()"     trait="height" />
         <div> 2 </div>
		</y>
      
      <include src="NorthernUI\cards\border_box_ornate.xml" />
		<user20>
         <copy>500</copy>
         <max src="sleep_display_text" trait="width" />
      </user20>
		<user21>
         <copy src="buttons" trait="y" />
         <add  src="buttons" trait="height" />
      </user21>
      <user22>&true;</user22> <!-- box-sizing:content-box -->
		
      <rect name="content_box">
         <include src="NorthernUI\cards\content_box.xml" />
         <text name="sleep_display_text">
            <include src="NorthernUI\fonts\normal.xml" />
            <id> 2 </id>
            <target> &true; </target>
            <depth> 5 </depth>
            <string>
               <copy src="SleepWaitMenu" trait="user0"/>
               <copy src="me()" trait="_question_"/>
            </string>
            <justify> &left; </justify>
            <red>192</red><green>192</green><blue>192</blue>
            <wrapwidth>720</wrapwidth>
            <x>
               <copy src="parent()" trait="width"/>
               <sub  src="me()"     trait="width"/>
               <div>2</div>
            </x>
            <y>0</y>
            <_question_1><copy src="strings()" trait="_waitquestion"/></_question_1>
            <_question_2><copy src="strings()" trait="_restquestion"/></_question_2>
            <xdefault>&false;</xdefault>
         </text>
         <rect name="scrollbar_wrapper">
            <include src="NorthernUI\scrollbars\wrapper_h.xml" />
            <width> 350 </width>
            <x>
               <copy src="parent()" trait="width"/>
               <sub  src="me()"     trait="width"/>
               <div>2</div>
            </x>
            <y>
               <copy src="sibling()" trait="y" />
               <add  src="sibling()" trait="height" />
               <add>24</add>
            </y>
            
            <rect name="sleep_scroll">
               <include src="horiz_floating_scroll.xml" />
               <include src="NorthernUI\scrollbars\wrapped_h.xml" />
               <zoom>33</zoom>
               <id> 3 </id>
               <user6> 4 </user6>	<!-- ID for marker/slider -->
               <user8> &false; </user8>
               <depth> 6 </depth>
               <user3> 1 </user3>
               <user15>1</user15> <!-- thumb style; 1 == slider -->
            </rect>
         </rect>
         <image name="sleep_slider_keynav_shim">
            <id> 11 </id>
            <target> <copy src="sleep_slider_mouse_blocker" trait="target"/> <eq> &false; </eq> </target>
            <depth> 1 </depth>
            <filename></filename>
            <alpha>
               <copy> 255 </copy>
               <mul>
                  <copy src="me()" trait="mouseover" />
                  <add src="sleep_scroll" trait="_mouseover_any" />
                  <min> 1 </min>
               </mul>
            </alpha>
            <width>
               <copy src="sleep_scroll" trait="width"/>
               <add> 120 </add>
            </width>
            <height> 64 </height>
            <x>
               <copy src="sleep_scroll" trait="x"/>
               <sub> 60 </sub>
            </x>
            <y>
               <copy src="sleep_scroll" trait="y"/>
               <sub> 20 </sub>
            </y>
            <depth> 3 </depth>
            <locus> &true; </locus>
            
            <xdefault>5</xdefault>
            <xleft> <ref src="horizontal_scroll_left" trait="clicked"/> </xleft>
            <xright> <ref src="horizontal_scroll_right" trait="clicked"/> </xright>
            <xdown> <ref src="sleep_button_sleep_wait" trait="mouseover"/> </xdown>
            <xbuttonlb> <ref src="horizontal_scroll_leftside" trait="clicked"/> </xbuttonlb>
            <xbuttonrb> <ref src="horizontal_scroll_rightside" trait="clicked"/> </xbuttonrb>
         </image>
         <rect name="sleep_slider_mouse_blocker">
            <id>10</id>
            <depth>
               <copy src="sleep_scroll" trait="depth"/>
               <add>7</add>	<!-- this is the magic number if you want something completely on top of your scroll bar and all its components -->
            </depth>
            <target> &false; </target>	<!-- target becomes true when player clicks "Wait" -->
            <x>
               <copy src="sleep_scroll" trait="x"/>
               <sub>32</sub>
            </x>
            <y>
               <copy src="sleep_scroll" trait="y"/>
            </y>
            <width>
               <copy src="sleep_scroll" trait="width"/>
               <add>64</add>
            </width>
            <height>24</height>
         </rect>
         <text name="rest_time_text"> <!-- number of hours selected -->
            <include src="NorthernUI\fonts\normal.xml" />
            <string><copy src="sleep_scroll" trait="user7"/></string>
            <justify>&center;</justify>
            <red>140</red><green>140</green><blue>140</blue>
            <x>
               <copy src="scrollbar_wrapper" trait="x"/>
               <add  src="scrollbar_wrapper" trait="width"/>
               <add>16</add>
            </x>
            <y>
               <copy src="scrollbar_wrapper" trait="y"/>
               <add>
                  <copy src="sleep_scroll" trait="height"/>
                  <sub  src="me()" trait="height"/>
                  <div>2</div>
               </add>
            </y>
            <depth>4</depth>
         </text>
         <rect name="datetime">
            <locus>&true;</locus>
            <width>
               <copy src="child(weekday_and_time)" trait="width" />
               <add  src="child(joiner_comma)"     trait="width" />
               <add  src="child(date)"             trait="width" />
            </width>
            <height>
               <copy src="child(weekday_and_time)" trait="height" />
            </height>
            <x>
               <copy src="parent()" trait="width" />
               <sub  src="me()"     trait="width" />
               <div>2</div>
            </x>
            <y>
               <copy src="scrollbar_wrapper" trait="y" />
               <add  src="sleep_scroll" trait="height" />
               <add>16</add>
            </y>
            
            <text name="weekday_and_time">
               <id>8</id>
               <depth>4</depth>
               <string><copy src="strings()" trait="_dayoftheweek"/></string>
               <include src="NorthernUI\fonts\normal.xml" />
               <justify>&left;</justify>
               <red>140</red><green>140</green><blue>140</blue>
               <x>0</x>
               <y>0</y>
            </text>
            <text name="joiner_comma">
               <depth>4</depth>
               <string><copy src="xxnStrings()" trait="_sleepWaitDateTimeJoiner" /></string>
               <include src="NorthernUI\fonts\normal.xml" />
               <justify>&left;</justify>
               <red>140</red><green>140</green><blue>140</blue>
               <x>
                  <copy src="sibling()" trait="x" />
                  <add  src="sibling()" trait="width" />
               </x>
               <y><copy src="sibling()" trait="y" /></y>
            </text>
            <text name="date">
               <id>9</id>
               <depth>4</depth>
               <string> <copy src="strings()" trait="_monthdayyear"/> </string>
               <include src="NorthernUI\fonts\normal.xml" />
               <justify>&left;</justify>
               <red>140</red><green>140</green><blue>140</blue>
               <x>
                  <copy src="sibling()" trait="x" />
                  <add  src="sibling()" trait="width" />
               </x>
               <y><copy src="sibling()" trait="y" /></y>
            </text>
         </rect>
         <rect name="buttons">
            <locus>&true;</locus>
            <width>
               <copy src="sleep_button_cancel" trait="x" />
               <add  src="sleep_button_cancel" trait="width" />
            </width>
            <height><copy src="sleep_button_cancel" trait="height" /></height>
            <x>
               <copy src="parent()" trait="width" />
               <sub  src="me()"     trait="width" />
               <div>2</div>
            </x>
            <y>
               <copy src="sibling()" trait="y" />
               <add  src="sibling()" trait="height" />
               <add>16</add>
            </y>
            
            <image name="sleep_button_sleep_wait">
               <include src="NorthernUI\buttons\gamepad_control_or_button.xml"/>
               <_dxScanCode>276</_dxScanCode>
               <id>5</id>
               <depth>5</depth>
               <x>0</x>
               <y>0</y>
               <string><copy src="strings()" trait="_rest" /></string>
               <_useHoverBehavior>&true;</_useHoverBehavior>
               <_paddingX>16</_paddingX>
               <_paddingY> 8</_paddingY>
               
               <xleft> <ref src="sleep_button_cancel" trait="mouseover"/> </xleft>
               <xright><ref src="sleep_button_cancel" trait="mouseover"/> </xright>
               <xup>   <ref src="sleep_slider_keynav_shim" trait="mouseover"/> </xup>
            </image>
            <image name="sleep_button_cancel">
               <include src="NorthernUI\buttons\gamepad_control_or_button.xml"/>
               <_dxScanCode>277</_dxScanCode>
               <id>6</id>
               <depth>5</depth>
               <x>
                  <copy src="sibling()" trait="x" />
                  <add  src="sibling()" trait="width" />
                  <add>30</add>
               </x>
               <y><copy src="sibling()" trait="y" /></y>
               <string><copy src="strings()" trait="_cancel" /></string>
               <_useHoverBehavior>&true;</_useHoverBehavior>
               <_paddingX>16</_paddingX>
               <_paddingY> 8</_paddingY>
               
               <xleft> <ref src="sleep_button_sleep_wait"  trait="mouseover"/> </xleft>
               <xright><ref src="sleep_button_sleep_wait"  trait="mouseover"/> </xright>
               <xup>   <ref src="sleep_slider_keynav_shim" trait="mouseover"/> </xup>
            </image>
         </rect>
      </rect>
   </rect>
</menu>
