<!-- Data\Menus\NorthernUI\datastore.xml -->
<!-- This file defines the tile that will be accessible through src="northernui()" -->
<rect name="NorthernUIDatastore">
   <!-- ensure it never shows up on-screen: -->
   <locus>&true;</locus>
   <listclip>&true;</listclip>
   
   <!-- Hardcoded traits: -->
   <!-- _xxnGamepadAvailable   == Boolean: XInput patch running and any gamepads plugged in? -->
   <!-- _xxnShowHUDClock       == Boolean: Show the HUD clock? -->
   <!-- _xxnShowHUDInputViewer == Boolean: Show the HUD input viewer? -->
   <!-- _xxnXInputPatchApplied == Boolean: Has NorthernUI taken over all gamepad handling? -->
   <!-- _xxnUIPixelScale       == Float:   Hardcoded scaling factor applied to entire UI i.e. absolute pixels / relative pixels -->
   
   <_xxnDLLLoaded>&true;</_xxnDLLLoaded>
   <!-- Set hardcoded traits to defaults in case the DLL forgets to set them: -->
   <_xxnGamepadAvailable>&false;</_xxnGamepadAvailable>
   <_xxnShowHUDClock>&false;</_xxnShowHUDClock>
   <_xxnShowHUDInputViewer>&false;</_xxnShowHUDInputViewer>
   <_xxnUsePlaystationButtonIcons>&false;</_xxnUsePlaystationButtonIcons>
   <_xxnXInputPatchApplied>&false;</_xxnXInputPatchApplied>
   <_xxnUIPixelScale>1</_xxnUIPixelScale>
   
   <!-- Vars we just want to be able to access from anywhere: -->
   <_xxnAlpha>           200</_xxnAlpha> <!------------ alpha for menu background graphics -->
   <_xxnBottomBarHeight>  96</_xxnBottomBarHeight> <!-- note: top border lies inside the menu bounds -->
   <_xxnBottomBarPadX>    32</_xxnBottomBarPadX> <!---- bottombar's inner horizontal padding -->
   <_xxnClockImageFile>Menus\NorthernUI\clocks\hemi\hd_background.dds</_xxnClockImageFile>
   <_xxnClockImageScale> <!-- out of 100 -->
      <copy>100</copy>
      <copy src="xxnPrefs()" trait="_NorthernUISkyHUDScaleXXNClock" />
      <max>50</max>
      <div>2</div> <!-- 100% scale -> 50% zoom -->
   </_xxnClockImageScale>
   <_xxnColorTextLess>   140</_xxnColorTextLess> <!---- accent/de-emphasized text -->
   <_xxnColorTextMain>   255</_xxnColorTextMain> <!---- most text -->
   <_xxnItemCardYOffset>  32</_xxnItemCardYOffset> <!-- offset from the bottom bar's top edge -->
   <_xxnMainMenuXOffset>  64</_xxnMainMenuXOffset>
   <_xxnStdMenuWidth>    745</_xxnStdMenuWidth> <!----- note: 4px borders lie outside the menu bounds -->
   
   <_xxnClockImageFilewidth>
      <copy src="child(_GETTER_xxnClockImageWidth)" trait="filewidth" />
   </_xxnClockImageFilewidth>
   
   <!-- Font-handling code -->
   
   <!-- All font files, sorted by encoding
      0 = Windows-1252 (ANSI)
      1 = Windows-1251 (Cyrillic)
      2 = Windows-1250 (Polish)
   -->
   <_fontsNormal_1>Data\Fonts\OpenSans_22CB_Normal_Win1252.fnt</_fontsNormal_1>
   <_fontsNormal_2>Data\Fonts\OpenSans_22CB_Normal_Win1251.fnt</_fontsNormal_2>
   <_fontsNormal_3>Data\Fonts\OpenSans_22CB_Normal_Win1250.fnt</_fontsNormal_3>
   <_fontsLarge_1>Data\Fonts\OpenSans_50CB_Normal_Win1252.fnt</_fontsLarge_1>
   <_fontsLarge_2>Data\Fonts\OpenSans_50CB_Normal_Win1251.fnt</_fontsLarge_2>
   <_fontsMediumLargeUpper_1>Data\Fonts\OpenSans_36CB_Uppercase_Win1252.fnt</_fontsMediumLargeUpper_1>
   <_fontsMediumLargeUpper_2>Data\Fonts\OpenSans_36CB_Uppercase_Win1251.fnt</_fontsMediumLargeUpper_2>
   <_fontsMediumLargeUpper_3>Data\Fonts\OpenSans_36CB_Uppercase_Win1250.fnt</_fontsMediumLargeUpper_3>
   <_fontsShadowed_1>Data\Fonts\OpenSans_22CB_Shadowed_Win1252.fnt</_fontsShadowed_1>
   <_fontsShadowed_2>Data\Fonts\OpenSans_22CB_Shadowed_Win1251.fnt</_fontsShadowed_2>
   <_fontsShadowed_3>Data\Fonts\OpenSans_22CB_Shadowed_Win1250.fnt</_fontsShadowed_3>
   <_fontsSmall_1>Data\Fonts\OpenSans_15CB_Normal_Win1252.fnt</_fontsSmall_1>
   <_fontsSmall_2>Data\Fonts\OpenSans_15CB_Normal_Win1251.fnt</_fontsSmall_2>
   <_fontsSmall_3>Data\Fonts\OpenSans_15CB_Normal_Win1250.fnt</_fontsSmall_3>
   
   <!-- Computed font paths, to be made available to the rest of the mod -->
   <_fontNormal>
      <copy src="xxnLocalization()" trait="_textEncoding" />
      <max>0</max>
      <add>1</add>
      <copy src="me()" trait="_fontsNormal_" />
   </_fontNormal>
   <_fontLarge>
      <copy src="xxnLocalization()" trait="_textEncoding" />
      <max>0</max>
      <add>1</add>
      <copy src="me()" trait="_fontsLarge_" />
   </_fontLarge>
   <_fontMediumLargeUpper>
      <copy src="xxnLocalization()" trait="_textEncoding" />
      <max>0</max>
      <add>1</add>
      <copy src="me()" trait="_fontsMediumLargeUpper_" />
   </_fontMediumLargeUpper>
   <_fontShadowed>
      <copy src="xxnLocalization()" trait="_textEncoding" />
      <max>0</max>
      <add>1</add>
      <copy src="me()" trait="_fontsShadowed_" />
   </_fontShadowed>
   <_fontSmall>
      <copy src="xxnLocalization()" trait="_textEncoding" />
      <max>0</max>
      <add>1</add>
      <copy src="me()" trait="_fontsSmall_" />
   </_fontSmall>
   
   <!-- ------------------------------------------------------------------------- -->
   
   <image name="_GETTER_xxnClockImageWidth">
      <zoom><copy src="parent()" trait="_xxnClockImageScale" /></zoom>
      <filename><copy src="parent()" trait="_xxnClockImageFile" /></filename>
      <x>0</x>
      <y>0</y>
      <width> <copy src="me()" trait="filewidth" /></width>
      <height><copy src="me()" trait="fileheight" /></height>
      <depth>0</depth>
   </image>
</rect>