<!--  -->
<menu name="XXNOptionsMenu">
	<class>1054</class>
	<stackingtype> &no_click_past; </stackingtype>
	<alpha>0</alpha>
	<locus>&true;</locus>
	<menufade>0</menufade>
	<explorefade>0</explorefade>

	<xbuttonb>
      <ref src="hitbox_back_out_of_submenu" trait="clicked" />
      <ref src="button_exit" trait="clicked" />
   </xbuttonb>
	<xbuttony><ref src="video_defaults_button" trait="clicked" /></xbuttony>
   
   <user10><copy src="xxnStrings()" trait="_optEnumQuantityHandlerDefault" /></user10>
   <user11><copy src="xxnStrings()" trait="_optEnumQuantityHandlerTakeOne" /></user11>
   <user12><copy src="xxnStrings()" trait="_optEnumQuantityHandlerTakeAll" /></user12>
   <user13><copy src="xxnStrings()" trait="_optEnumBarterConfirmHandlerDefault" /></user13>
   <user14><copy src="xxnStrings()" trait="_optEnumBarterConfirmHandlerTakeOne" /></user14>
   <user15><copy src="xxnStrings()" trait="_optEnumBarterConfirmHandlerTakeAll" /></user15>
   <user16><copy src="xxnStrings()" trait="_optEnumEnhancedCameraBehaviorOblivion" /></user16>
   <user17><copy src="xxnStrings()" trait="_optEnumEnhancedCameraBehaviorSkyrim" /></user17>
   <user18><copy src="xxnStrings()" trait="_optEnumEnhancedCameraBehaviorFree" /></user18>
   <user19><copy src="xxnStrings()" trait="_optEnumEnhancedCameraInertiaStandard" /></user19>
   <user20><copy src="xxnStrings()" trait="_optEnumEnhancedCameraInertiaFixed" /></user20>
   <user21><copy src="xxnStrings()" trait="_optEnumEnhancedCameraInertiaDisabled" /></user21>
   
   <user24>0</user24> <!-- set to 1 if the user confirms a reset-to-defaults -->
   
   <_labelColMinWidth>  300</_labelColMinWidth>
   <_controlColMaxWidth>200</_controlColMaxWidth>
   <_preferredTotalWidth>
      <copy src="me()" trait="_labelColMinWidth" />
      <add  src="me()" trait="_controlColMaxWidth" />
   </_preferredTotalWidth>
   
   <_itemHeight>
      <copy src="option_local_map_resolution" trait="height" />
   </_itemHeight>
   
   <!-- ALL CHANGES NEEDED FOR SUBMENUS ARE MARKED WITH "TODO" -->
   <_usesSubmenus>&true;</_usesSubmenus>
   <_onSubmenuChanged>
      <copy src="hitbox_back_out_of_submenu" trait="clicked" />
      <add  src="submenu_trigger_01" trait="clicked" />
      <add  src="submenu_trigger_02" trait="clicked" />
      <!-- ... -->
      <gt>0</gt>
   </_onSubmenuChanged>
   <_currentSubmenuID>
      <add>
         <copy>-999999</copy>
         <onlyif src="menu()" trait="_onSubmenuChanged" />
      </add>
      <max>0</max>
      <add>
         <copy>1</copy>
         <mult src="submenu_trigger_01" trait="clicked" />
      </add>
      <add>
         <copy>2</copy>
         <mult src="submenu_trigger_02" trait="clicked" />
      </add>
      <!-- ... -->
   </_currentSubmenuID>
   <_currentSubmenuChildcount>
      <copy>
         <copy src="scrollable_pane" trait="childcount" />
         <onlyif>
            <copy src="me()" trait="_currentSubmenuID" /><eq>0</eq>
         </onlyif>
      </copy>
      <add>
         <copy src="submenu_trigger_01" trait="childcount" />
         <onlyif>
            <copy src="me()" trait="_currentSubmenuID" /><eq>1</eq>
         </onlyif>
      </add>
      <add>
         <copy src="submenu_trigger_02" trait="childcount" />
         <onlyif>
            <copy src="me()" trait="_currentSubmenuID" /><eq>2</eq>
         </onlyif>
      </add>
      <!-- ... -->
   </_currentSubmenuChildcount>

   <rect name="content_space">
      <include src="NorthernUI/fragments/pause/base.xml" />
      <rect name="content_box_2">
         <include src="NorthernUI\cards\content_box.xml" />
         <rect name="column_right">
            <locus>&true;</locus>
            <clipwindow>&true;</clipwindow>
            <width>
               <copy src="parent()"  trait="width" />
               <sub  src="pause_column_left" trait="x" />
               <sub  src="pause_column_left" trait="width" />
               <sub>16</sub>
            </width>
            <height><copy src="parent()" trait="height" /></height>
            <x>
               <copy src="pause_column_left" trait="x" />
               <add  src="pause_column_left" trait="width" />
               <add>16</add>
            </x>
            <y>0</y>
            <depth>10</depth>
            
            <!-- Submenu contents go here. -->
            <id>2</id>
            <target>&true;</target> <!-- handle scroll wheel -->
            
            <rect name="scrollbar_wrapper">
               <include src="NorthernUI\scrollbars\wrapper.xml" />
               <user0>&false;</user0> <!-- is horizontal? -->
               <x>
                  <copy src="parent()" trait="width" />
                  <sub  src="me()"     trait="width" />
                  <sub>8</sub>
               </x>
               <y>0</y>
               <height><copy src="parent()" trait="height" /></height>
               
               <rect name="pause_submenu_scrollbar">
                  <include src="vertical_scroll.xml" />
                  <include src="NorthernUI\scrollbars\wrapped_v.xml" />
                  <id>3</id>
                  <user1>0</user1> <!-- min -->
                  <user2> <!-- max -->
                     <copy src="menu()" trait="_currentSubmenuChildcount" /> <!-- TODO: TEST TO MAKE SURE THIS CHANGE DIDN'T BREAK THE SCROLLBAR -->
                     <sub>
                        <copy src="column_right" trait="height" />
                        <div  src="menu()" trait="_itemHeight" />
                        <floor>0</floor>
                     </sub>
                     <add>
                        <copy>1</copy>
                        <onlyif>
                           <copy src="column_right" trait="height" />
                           <mod  src="menu()" trait="_itemHeight" />
                           <neq>0</neq>
                        </onlyif>
                     </add>
                  </user2>
                  <user4> <!-- jump distance -->
                     <copy src="me()" trait="user8"/>
                     <sub>1</sub>
                  </user4>
                  <user5>0</user5> <!-- starting pos -->
                  <user6>4</user6> <!-- marker id -->
                  <user8> <!-- num visible -->
                     <copy src="column_right" trait="height" />
                     <div  src="menu()" trait="_itemHeight" />
                     <ceil>0</ceil>
                  </user8>
                  <!--
                     TODO: Give scrollbar prefabs an additional trait that 
                     gets added into the _value_scrolled_to. Then, here, 
                     set that trait to:
                     
                     <copy>-999999</copy>
                     <onlyif src="menu()" trait="_onSubmenuChanged" />
                     
                     Goal is to reset the scrollbar to the top whenever you 
                     change submenus.
                  -->
               </rect>
            </rect>
            <!-- Menu items: -->
            <!--
               TODO: Each submenu should have its own pane. Set the panes 
               to be visible based on what submenu we're in, with the top-
               level submenu (scrollable_pane) being submenu ID 0.
            -->
            <rect name="scrollable_pane">
               <include src="NorthernUI/fragments/pause/xxnoptionsmenu_scrollable_pane.xml" />
               <_submenuID>0</_submenuID>
               
               <rect name="submenu_trigger_02">
                  <include src="NorthernUI/fragments/pause/option_submenu.xml" />
                  <!--
                     The default LISTINDEX is sibling() + 1, but if you use 
                     that from the first option in the list, then sibling() 
                     selects the last sibling -- creating a cyclical refer-
                     ence. Specifying a const 0 won't fix it, but specifying 
                     a COPY operator with a const 0 will.
                     
                     A similar problem exists for the Y trait.
                  -->
                  <listindex><copy>0</copy></listindex>
                  <y><copy>0</copy></y>
                  <!-- end of first-child traits -->
                  <user10><copy src="parent()" trait="user10" /></user10> <!-- label col width -->
                  <user11><copy src="xxnStrings()" trait="_optionSubmenuHUDScaling" /></user11> <!-- label -->
               </rect>
               <rect name="submenu_trigger_01">
                  <include src="NorthernUI/fragments/pause/option_submenu.xml" />
                  <user10><copy src="parent()" trait="user10" /></user10> <!-- label col width -->
                  <user11><copy src="xxnStrings()" trait="_optionSubmenuInventoryAndBarter" /></user11> <!-- label -->
               </rect>
               <rect name="option_local_map_resolution">
                  <include src="NorthernUI/fragments/pause/option_enumpicker.xml" />
                  <user0>12</user0> <!-- enumpicker text ID -->
                  <user1>10</user1> <!-- enumpicker left ID -->
                  <user2>11</user2> <!-- enumpicker right ID -->
                  <user10><copy src="parent()" trait="user10" /></user10> <!-- label col width -->
                  <user11><copy src="xxnStrings()" trait="_optionLocalMapRes" /></user11> <!-- label -->
                  
                  <visible><not>&xbox;</not></visible>
               </rect>
               <rect name="option_use_xinput_if_patched">
                  <include src="NorthernUI/fragments/pause/option_checkbox.xml" />
                  <user0>17</user0> <!-- checkbox ID -->
                  <user10><copy src="parent()" trait="user10" /></user10> <!-- label col width -->
                  <user11><copy src="xxnStrings()" trait="_optionUseXInputifPatched" /></user11> <!-- label -->
               </rect>
               <rect name="option_show_hud_clock">
                  <include src="NorthernUI/fragments/pause/option_checkbox.xml" />
                  <user0>15</user0> <!-- checkbox ID -->
                  <user10><copy src="parent()" trait="user10" /></user10> <!-- label col width -->
                  <user11><copy src="xxnStrings()" trait="_optionShowHUDClock" /></user11> <!-- label -->
               </rect>
               <rect name="option_show_hud_input_viewer">
                  <include src="NorthernUI/fragments/pause/option_checkbox.xml" />
                  <user0>16</user0> <!-- checkbox ID -->
                  <user10><copy src="parent()" trait="user10" /></user10> <!-- label col width -->
                  <user11><copy src="xxnStrings()" trait="_optionShowHUDInputViewer" /></user11> <!-- label -->
               </rect>
               <rect name="option_suppress_dlc_spam">
                  <include src="NorthernUI/fragments/pause/option_checkbox.xml" />
                  <user0>13</user0> <!-- checkbox ID -->
                  <user10><copy src="parent()" trait="user10" /></user10> <!-- label col width -->
                  <user11><copy src="xxnStrings()" trait="_optionStopDLCSpam" /></user11> <!-- label -->
               </rect>
               <rect name="option_use_playstation_icons">
                  <include src="NorthernUI/fragments/pause/option_checkbox.xml" />
                  <user0>36</user0> <!-- checkbox ID -->
                  <user10><copy src="parent()" trait="user10" /></user10> <!-- label col width -->
                  <user11><copy src="xxnStrings()" trait="_optionUsePlaystationButtonIcons" /></user11> <!-- label -->
               </rect>
               <rect name="option_xxnalchemymenu">
                  <include src="NorthernUI/fragments/pause/option_checkbox.xml" />
                  <user0>14</user0> <!-- checkbox ID -->
                  <user10><copy src="parent()" trait="user10" /></user10> <!-- label col width -->
                  <user11><copy src="xxnStrings()" trait="_optionUseXXNAlchemyMenu" /></user11> <!-- label -->
                  
                  <text name="requires_restart">
                     <include src="NorthernUI\fonts\small.xml" />
                     <x>
                        <copy src="parent()" trait="width" />
                        <add>32</add>
                        <min>
                           <copy src="sibling(checkbox)" trait="x" />
                           <sub>8</sub>
                           <sub  src="me()" trait="width" />
                           <add>
                              <copy>9999</copy>
                              <onlyif>
                                 <copy src="xxnLocalization()" trait="_xxnOptionsRequiresRestartInside" />
                                 <neq>&true;</neq>
                              </onlyif>
                           </add>
                        </min>
                     </x>
                     <y>
                        <copy src="parent()" trait="height" />
                        <sub  src="me()"     trait="height" />
                        <div>2</div>
                        <add>1</add>
                     </y>
                     <depth>0</depth>
                     <red>
                        <copy>224</copy>
                        <max>
                           <copy>255</copy>
                           <onlyif>
                              <copy src="parent()" trait="_mouseover_any" />
                              <gt>0</gt>
                           </onlyif>
                        </max>
                     </red>
                     <green>64</green>
                     <blue>64</blue>
                     <string><copy src="xxnStrings()" trait="_optionHintRequiresRestart" /></string> <!-- label -->
                  </text>
               </rect>
               <rect name="option_enhanced_movement">
                  <include src="NorthernUI/fragments/pause/option_checkbox.xml" />
                  <user0>37</user0> <!-- checkbox ID -->
                  <user10><copy src="parent()" trait="user10" /></user10> <!-- label col width -->
                  <user11><copy src="xxnStrings()" trait="_optionEnhancedMovementBehavior" /></user11> <!-- label -->
               </rect>
               <rect name="option_enhanced_camera">
                  <include src="NorthernUI/fragments/pause/option_enumpicker.xml" />
                  <user0>40</user0> <!-- enumpicker text ID -->
                  <user1>38</user1> <!-- enumpicker left ID -->
                  <user2>39</user2> <!-- enumpicker right ID -->
                  <user10><copy src="parent()" trait="user10" /></user10> <!-- label col width -->
                  <user11><copy src="xxnStrings()" trait="_optionEnhancedCameraBehavior" /></user11> <!-- label -->
               </rect>
               <rect name="option_camera_inertia">
                  <include src="NorthernUI/fragments/pause/option_enumpicker.xml" />
                  <user0>43</user0> <!-- enumpicker text ID -->
                  <user1>41</user1> <!-- enumpicker left ID -->
                  <user2>42</user2> <!-- enumpicker right ID -->
                  <user10><copy src="parent()" trait="user10" /></user10> <!-- label col width -->
                  <user11><copy src="xxnStrings()" trait="_optionEnhancedCameraInertia" /></user11> <!-- label -->
               </rect>
               <rect name="option_hud_layout">
                  <include src="NorthernUI/fragments/pause/option_uipref_enumpicker.xml" />
                  <user10><copy src="parent()" trait="user10" /></user10> <!-- label col width -->
                  <user11><copy src="xxnStrings()" trait="_optionPrefHUDLayout" /></user11> <!-- label -->
                  <user12>_NorthernUIHUDLayout</user12> <!-- pref name -->
                  <user13><copy src="xxnPrefs()" trait="_NorthernUIHUDLayout" /></user13> <!-- pref value -->
                  <_optionCount>4</_optionCount>
                  <_options_1><copy src="xxnStrings()" trait="_optionPrefHUDLayoutValue00" /></_options_1>
                  <_options_2><copy src="xxnStrings()" trait="_optionPrefHUDLayoutValue01" /></_options_2>
                  <_options_3><copy src="xxnStrings()" trait="_optionPrefHUDLayoutValue02" /></_options_3>
                  <_options_4><copy src="xxnStrings()" trait="_optionPrefHUDLayoutValue03" /></_options_4>
               </rect>
               <rect name="option_hud_fade_corestats">
                  <include src="NorthernUI/fragments/pause/option_uipref_checkbox.xml" />
                  <user10><copy src="parent()" trait="user10" /></user10> <!-- label col width -->
                  <user11><copy src="xxnStrings()" trait="_optionPrefHUDFadeCorestats" /></user11> <!-- label -->
                  <user12>_NorthernUIFadeHUDCorestatsWhenFull</user12> <!-- pref name -->
                  <user13><copy src="xxnPrefs()" trait="_NorthernUIFadeHUDCorestatsWhenFull" /></user13> <!-- pref value -->
               </rect>
               <rect name="option_hud_fade_equip">
                  <include src="NorthernUI/fragments/pause/option_uipref_checkbox.xml" />
                  <user10><copy src="parent()" trait="user10" /></user10> <!-- label col width -->
                  <user11><copy src="xxnStrings()" trait="_optionPrefHUDFadeEquipInfo" /></user11> <!-- label -->
                  <user12>_NorthernUIFadeHUDEquipWidgetsWhenFull</user12> <!-- pref name -->
                  <user13><copy src="xxnPrefs()" trait="_NorthernUIFadeHUDEquipWidgetsWhenFull" /></user13> <!-- pref value -->
               </rect>
            </rect> <!-- end of top-level menu's pane -->
            <rect name="pane_submenu_01">
               <include src="NorthernUI/fragments/pause/xxnoptionsmenu_scrollable_pane.xml" />
               <_submenuID>1</_submenuID>
               
               <rect name="option_quantity_default">
                  <include src="NorthernUI/fragments/pause/option_enumpicker.xml" />
                  <!--
                     The default LISTINDEX is sibling() + 1, but if you use 
                     that from the first option in the list, then sibling() 
                     selects the last sibling -- creating a cyclical refer-
                     ence. Specifying a const 0 won't fix it, but specifying 
                     a COPY operator with a const 0 will.
                     
                     A similar problem exists for the Y trait.
                  -->
                  <listindex><copy>0</copy></listindex>
                  <y><copy>0</copy></y>
                  <!-- end of first-child traits -->
                  <user0>20</user0> <!-- enumpicker text ID -->
                  <user1>18</user1> <!-- enumpicker left ID -->
                  <user2>19</user2> <!-- enumpicker right ID -->
                  <user10><copy src="parent()" trait="user10" /></user10> <!-- label col width -->
                  <user11><copy src="xxnStrings()" trait="_optionQuantityHandlerDefault" /></user11> <!-- label -->
               </rect>
               <rect name="option_quantity_alt">
                  <include src="NorthernUI/fragments/pause/option_enumpicker.xml" />
                  <user0>23</user0> <!-- enumpicker text ID -->
                  <user1>21</user1> <!-- enumpicker left ID -->
                  <user2>22</user2> <!-- enumpicker right ID -->
                  <user10><copy src="parent()" trait="user10" /></user10> <!-- label col width -->
                  <user11><copy src="xxnStrings()" trait="_optionQuantityHandlerAlt" /></user11> <!-- label -->
               </rect>
               <rect name="option_quantity_ctrl">
                  <include src="NorthernUI/fragments/pause/option_enumpicker.xml" />
                  <user0>26</user0> <!-- enumpicker text ID -->
                  <user1>24</user1> <!-- enumpicker left ID -->
                  <user2>25</user2> <!-- enumpicker right ID -->
                  <user10><copy src="parent()" trait="user10" /></user10> <!-- label col width -->
                  <user11><copy src="xxnStrings()" trait="_optionQuantityHandlerCtrl" /></user11> <!-- label -->
               </rect>
               <rect name="option_barter_confirm_default">
                  <include src="NorthernUI/fragments/pause/option_enumpicker.xml" />
                  <user0>29</user0> <!-- enumpicker text ID -->
                  <user1>27</user1> <!-- enumpicker left ID -->
                  <user2>28</user2> <!-- enumpicker right ID -->
                  <user10><copy src="parent()" trait="user10" /></user10> <!-- label col width -->
                  <user11><copy src="xxnStrings()" trait="_optionBarterConfirmHandlerDefault" /></user11> <!-- label -->
               </rect>
               <rect name="option_barter_confirm_alt">
                  <include src="NorthernUI/fragments/pause/option_enumpicker.xml" />
                  <user0>32</user0> <!-- enumpicker text ID -->
                  <user1>30</user1> <!-- enumpicker left ID -->
                  <user2>31</user2> <!-- enumpicker right ID -->
                  <user10><copy src="parent()" trait="user10" /></user10> <!-- label col width -->
                  <user11><copy src="xxnStrings()" trait="_optionBarterConfirmHandlerAlt" /></user11> <!-- label -->
               </rect>
               <rect name="option_barter_confirm_ctrl">
                  <include src="NorthernUI/fragments/pause/option_enumpicker.xml" />
                  <user0>35</user0> <!-- enumpicker text ID -->
                  <user1>33</user1> <!-- enumpicker left ID -->
                  <user2>34</user2> <!-- enumpicker right ID -->
                  <user10><copy src="parent()" trait="user10" /></user10> <!-- label col width -->
                  <user11><copy src="xxnStrings()" trait="_optionBarterConfirmHandlerCtrl" /></user11> <!-- label -->
               </rect>
            </rect> <!-- end of submenu 01 pane -->
            <rect name="pane_submenu_02">
               <include src="NorthernUI/fragments/pause/xxnoptionsmenu_scrollable_pane.xml" />
               <_submenuID>2</_submenuID>
               
               <rect name="option_hud_scale_compass">
                  <include src="NorthernUI/fragments/pause/option_uipref_slider.xml" />
                  <!--
                     The default LISTINDEX is sibling() + 1, but if you use 
                     that from the first option in the list, then sibling() 
                     selects the last sibling -- creating a cyclical refer-
                     ence. Specifying a const 0 won't fix it, but specifying 
                     a COPY operator with a const 0 will.
                     
                     A similar problem exists for the Y trait.
                  -->
                  <listindex><copy>0</copy></listindex>
                  <y><copy>0</copy></y>
                  <!-- end of first-child traits -->
                  <user10><copy src="parent()" trait="user10" /></user10> <!-- label col width -->
                  <user2>25</user2> <!-- slider jump distance -->
                  <user3>1</user3> <!-- slider step distance -->
                  <user4>25</user4> <!-- slider min -->
                  <user5>200</user5> <!-- slider max -->
                  <user8>&true;</user8> <!-- slider shows numeric value? -->
                  <user11><copy src="xxnStrings()" trait="_optionPrefHUDScaleCompass" /></user11> <!-- label -->
                  <user12>_NorthernUISkyHUDScaleCompass</user12> <!-- pref name -->
                  <user13><copy src="xxnPrefs()" trait="_NorthernUISkyHUDScaleCompass" /></user13> <!-- pref value -->
               </rect>
               <rect name="option_hud_width_compass">
                  <include src="NorthernUI/fragments/pause/option_uipref_slider.xml" />
                  <user10><copy src="parent()" trait="user10" /></user10> <!-- label col width -->
                  <user2>25</user2> <!-- slider jump distance -->
                  <user3>1</user3> <!-- slider step distance -->
                  <user4>-100</user4> <!-- slider min -->
                  <user5>600</user5> <!-- slider max -->
                  <user8>&true;</user8> <!-- slider shows numeric value? -->
                  <user11><copy src="xxnStrings()" trait="_optionPrefHUDWidthCompass" /></user11> <!-- label -->
                  <user12>_NorthernUISkyHUDWidthModCompass</user12> <!-- pref name -->
                  <user13><copy src="xxnPrefs()" trait="_NorthernUISkyHUDWidthModCompass" /></user13> <!-- pref value -->
               </rect>
               <rect name="option_hud_scale_corestats">
                  <include src="NorthernUI/fragments/pause/option_uipref_slider.xml" />
                  <user10><copy src="parent()" trait="user10" /></user10> <!-- label col width -->
                  <user2>25</user2> <!-- slider jump distance -->
                  <user3>1</user3> <!-- slider step distance -->
                  <user4>50</user4> <!-- slider min -->
                  <user5>200</user5> <!-- slider max -->
                  <user8>&true;</user8> <!-- slider shows numeric value? -->
                  <user11><copy src="xxnStrings()" trait="_optionPrefHUDScaleCorestats" /></user11> <!-- label -->
                  <user12>_NorthernUISkyHUDScaleCorestats</user12> <!-- pref name -->
                  <user13><copy src="xxnPrefs()" trait="_NorthernUISkyHUDScaleCorestats" /></user13> <!-- pref value -->
               </rect>
               <rect name="option_hud_scale_equip_icons">
                  <include src="NorthernUI/fragments/pause/option_uipref_slider.xml" />
                  <user10><copy src="parent()" trait="user10" /></user10> <!-- label col width -->
                  <user2>25</user2> <!-- slider jump distance -->
                  <user3>1</user3> <!-- slider step distance -->
                  <user4>25</user4> <!-- slider min -->
                  <user5>200</user5> <!-- slider max -->
                  <user8>&true;</user8> <!-- slider shows numeric value? -->
                  <user11><copy src="xxnStrings()" trait="_optionPrefHUDScaleEquipIcons" /></user11> <!-- label -->
                  <user12>_NorthernUISkyHUDScaleWpnSplIcon</user12> <!-- pref name -->
                  <user13><copy src="xxnPrefs()" trait="_NorthernUISkyHUDScaleWpnSplIcon" /></user13> <!-- pref value -->
               </rect>
               <rect name="option_hud_scale_weapon_condition">
                  <include src="NorthernUI/fragments/pause/option_uipref_slider.xml" />
                  <user10><copy src="parent()" trait="user10" /></user10> <!-- label col width -->
                  <user2>25</user2> <!-- slider jump distance -->
                  <user3>1</user3> <!-- slider step distance -->
                  <user4>50</user4> <!-- slider min -->
                  <user5>200</user5> <!-- slider max -->
                  <user8>&true;</user8> <!-- slider shows numeric value? -->
                  <user11><copy src="xxnStrings()" trait="_optionPrefHUDScaleWeaponCondition" /></user11> <!-- label -->
                  <user12>_NorthernUISkyHUDScaleWpnCndMeter</user12> <!-- pref name -->
                  <user13><copy src="xxnPrefs()" trait="_NorthernUISkyHUDScaleWpnCndMeter" /></user13> <!-- pref value -->
               </rect>
               <rect name="option_hud_scale_weapon_charge">
                  <include src="NorthernUI/fragments/pause/option_uipref_slider.xml" />
                  <user10><copy src="parent()" trait="user10" /></user10> <!-- label col width -->
                  <user2>25</user2> <!-- slider jump distance -->
                  <user3>1</user3> <!-- slider step distance -->
                  <user4>50</user4> <!-- slider min -->
                  <user5>200</user5> <!-- slider max -->
                  <user8>&true;</user8> <!-- slider shows numeric value? -->
                  <user11><copy src="xxnStrings()" trait="_optionPrefHUDScaleWeaponCharge" /></user11> <!-- label -->
                  <user12>_NorthernUISkyHUDScaleWpnChgMeter</user12> <!-- pref name -->
                  <user13><copy src="xxnPrefs()" trait="_NorthernUISkyHUDScaleWpnChgMeter" /></user13> <!-- pref value -->
               </rect>
               <rect name="option_hud_scale_xxn_clock">
                  <include src="NorthernUI/fragments/pause/option_uipref_slider.xml" />
                  <user10><copy src="parent()" trait="user10" /></user10> <!-- label col width -->
                  <user2>25</user2> <!-- slider jump distance -->
                  <user3>1</user3> <!-- slider step distance -->
                  <user4>25</user4> <!-- slider min -->
                  <user5>200</user5> <!-- slider max -->
                  <user8>&true;</user8> <!-- slider shows numeric value? -->
                  <user11><copy src="xxnStrings()" trait="_optionPrefHUDScaleXXNClock" /></user11> <!-- label -->
                  <user12>_NorthernUISkyHUDScaleXXNClock</user12> <!-- pref name -->
                  <user13><copy src="xxnPrefs()" trait="_NorthernUISkyHUDScaleXXNClock" /></user13> <!-- pref value -->
               </rect>
            </rect> <!-- end of submenu 02 pane -->
         </rect>
      </rect>
      <rect name="bolt_on">
         <include src="NorthernUI/fragments/pause/bolt_on_border_box.xml" />
         <height>
            <copy src="child(bolt_on_content)" trait="height" />
            <add  src="child(edge_b)"          trait="height" />
            <add>8</add>
            <max>24</max> <!-- prevent overlap issues with one line of text -->
         </height>
         <visible>
            <copy src="child(opt_description)" trait="user24" /><neq>0</neq>
         </visible>
         
         <rect name="bolt_on_content">
            <include src="NorthernUI/fragments/pause/bolt_on_content_box.xml" />
            <height>
               <copy src="child(opt_description)" trait="y" />
               <add  src="child(opt_description)" trait="height" />
            </height>
            <y>
               <copy src="parent()" trait="user24" /> <!-- defined in prefab -->
               <sub  src="me()"     trait="height" />
               <div>2</div>
            </y>
            
            <text name="opt_description">
               <_strings_10><copy src="xxnStrings()" trait="_optDescLocalMapRes" /></_strings_10>
               <_strings_17><copy src="xxnStrings()" trait="_optDescUseXInputIfPatched" /></_strings_17>
               <_strings_15><copy src="xxnStrings()" trait="_optDescShowHUDClock" /></_strings_15>
               <_strings_16><copy src="xxnStrings()" trait="_optDescShowHUDInputViewer" /></_strings_16>
               <_strings_13><copy src="xxnStrings()" trait="_optDescStopDLCSpam" /></_strings_13>
               <_strings_14><copy src="xxnStrings()" trait="_optDescUseXXNAlchemyMenu" /></_strings_14>
               <_strings_18><copy src="xxnStrings()" trait="_optDescQuantityHandlerDefault" /></_strings_18>
               <_strings_21><copy src="xxnStrings()" trait="_optDescQuantityHandlerAlt" /></_strings_21>
               <_strings_24><copy src="xxnStrings()" trait="_optDescQuantityHandlerCtrl" /></_strings_24>
               <_strings_27><copy src="xxnStrings()" trait="_optDescBarterConfirmHandlerDefault" /></_strings_27>
               <_strings_30><copy src="xxnStrings()" trait="_optDescBarterConfirmHandlerAlt" /></_strings_30>
               <_strings_33><copy src="xxnStrings()" trait="_optDescBarterConfirmHandlerCtrl" /></_strings_33>
               <_strings_36><copy src="xxnStrings()" trait="_optDescUsePlaystationButtonIcons" /></_strings_36>
               <_strings_37><copy src="xxnStrings()" trait="_optDescEnhancedMovementBehavior" /></_strings_37>
               <_strings_38><copy src="xxnStrings()" trait="_optDescEnhancedCameraBehavior" /></_strings_38>
               <_strings_41><copy src="xxnStrings()" trait="_optDescEnhancedCameraInertia" /></_strings_41>
               <_strings_1001><copy src="xxnStrings()" trait="_optPrefDescHUDFadeCorestats" /></_strings_1001>
               <_strings_1002><copy src="xxnStrings()" trait="_optPrefDescHUDFadeEquipInfo" /></_strings_1002>
               <user24>
                  <copy src="option_local_map_resolution"        trait="_mouseover_any" /><mult>10</mult>
                  <add><copy src="option_use_xinput_if_patched"  trait="_mouseover_any" /><mult>17</mult></add>
                  <add><copy src="option_show_hud_clock"         trait="_mouseover_any" /><mult>15</mult></add>
                  <add><copy src="option_show_hud_input_viewer"  trait="_mouseover_any" /><mult>16</mult></add>
                  <add><copy src="option_suppress_dlc_spam"      trait="_mouseover_any" /><mult>13</mult></add>
                  <add><copy src="option_xxnalchemymenu"         trait="_mouseover_any" /><mult>14</mult></add>
                  <add><copy src="option_quantity_default"       trait="_mouseover_any" /><mult>18</mult></add>
                  <add><copy src="option_quantity_alt"           trait="_mouseover_any" /><mult>21</mult></add>
                  <add><copy src="option_quantity_ctrl"          trait="_mouseover_any" /><mult>24</mult></add>
                  <add><copy src="option_barter_confirm_default" trait="_mouseover_any" /><mult>27</mult></add>
                  <add><copy src="option_barter_confirm_alt"     trait="_mouseover_any" /><mult>30</mult></add>
                  <add><copy src="option_barter_confirm_ctrl"    trait="_mouseover_any" /><mult>33</mult></add>
                  <add><copy src="option_use_playstation_icons"  trait="_mouseover_any" /><mult>36</mult></add>
                  <add><copy src="option_enhanced_movement"      trait="_mouseover_any" /><mult>37</mult></add>
                  <add><copy src="option_enhanced_camera"        trait="_mouseover_any" /><mult>38</mult></add>
                  <add><copy src="option_camera_inertia"         trait="_mouseover_any" /><mult>41</mult></add>
                  <add><copy src="option_hud_fade_corestats"     trait="_mouseover_any" /><mult>1001</mult></add>
                  <add><copy src="option_hud_fade_equip"         trait="_mouseover_any" /><mult>1002</mult></add>
               </user24>
               
               <include src="NorthernUI\fonts\normal.xml" />
               <string>
                  <copy src="me()" trait="user24" />
                  <copy src="me()" trait="_strings_" />
               </string>
               <x>
                  <copy src="parent()" trait="width" />
                  <sub  src="me()"     trait="width" />
                  <div>2</div>
               </x>
               <y>0</y>
               <red>140</red><green>140</green><blue>140</blue>
               <wrapwidth>
                  <copy src="parent()" trait="width"/>
                  <sub>32</sub>
               </wrapwidth>
            </text>
         </rect>
      </rect>
   </rect>
   <rect name="bottom_bar">
		<include src="NorthernUI\bottom_bar.xml"/>
      
      <_labelValueSpacing>4</_labelValueSpacing>
      <_entrySpacing>24</_entrySpacing>
      
      <rect name="controls">
         <locus>&true;</locus>
         <x>
            <copy src="screen()" trait="cropx" />
            <add  src="northernui()" trait="_xxnBottomBarPadX" />
         </x>
         <y>
            <copy src="parent()" trait="height" />
            <sub  src="me()"     trait="height" />
            <div>2</div>
         </y>
         <height><copy src="child()" trait="height" /></height>
         
         <rect name="xxn_defaults_button">
            <include src="NorthernUI\buttons\gamepad_control_or_button.xml"/>
            <_dxScanCode>279</_dxScanCode>
            <id>6</id>
            <x>0</x>
            <y>0</y>
            <string><copy src="strings()" trait="_defaults" /></string>
            <_useHoverBehavior>&true;</_useHoverBehavior>
            <target>&true;</target>
            <clicksound>3</clicksound>
         </rect>
         <rect name="button_exit">
            <include src="NorthernUI\buttons\gamepad_control_or_button.xml"/>
            <_dxScanCode>277</_dxScanCode>
            <id>1</id>
            <x>
               <copy src="sibling()" trait="x" />
               <add>
                  <copy   src="sibling()"  trait="width" />
                  <add    src="bottom_bar" trait="_entrySpacing" />
                  <onlyif src="sibling()"  trait="visible" />
               </add>
            </x>
            <y>0</y>
            <string><copy src="strings()" trait="_exit" /></string>
            <_useHoverBehavior>&true;</_useHoverBehavior>
            <target>&true;</target>
            <clicksound>2</clicksound>
            
            <_labels_1><copy src="strings()" trait="_exit" /></_labels_1>
            <_labels_2><copy src="strings()" trait="_back" /></_labels_2>
            <string>
               <copy>0</copy>
               <neq src="menu()" trait="_currentSubmenuID" />
               <copy src="me()" trait="_labels_" />
            </string>
         </rect>
         <rect name="hitbox_back_out_of_submenu">
            <visible>
               <copy src="menu()" trait="_currentSubmenuID" />
               <neq>0</neq>
            </visible>
            <target>
               <copy src="menu()" trait="_currentSubmenuID" />
               <neq>0</neq>
            </target>
            <id>&generic;</id>
            <xdefault>&true;</xdefault>
            <x><copy src="button_exit" trait="x" /></x>
            <y><copy src="button_exit" trait="y" /></y>
            <width><copy src="button_exit" trait="width" /></width>
            <height><copy src="button_exit" trait="height" /></height>
            <depth>
               <copy src="button_exit" trait="depth" />
               <add>1</add>
            </depth>
            <clicksound><copy src="button_exit" trait="clicksound" /></clicksound>
         </rect>
      </rect>
   </rect>
</menu>