<!-- class_menu.xml -->
<menu name="ClassMenu">
	<class> &ClassMenu; </class>
	<stackingtype> &no_click_past; </stackingtype>
	<alpha>	0 </alpha>
	<x> 0 </x>
	<y> 0 </y>
	<locus> &true; </locus>
	<menufade> 0.25 </menufade>
	
	<!-- the following text strings are set by code - do not translate here -->
	<user1> skill_1_name </user1>
	<user2> skill_2_name </user2>
	<user3> skill_3_name </user3>
	<user4> skill_4_name </user4>
	<user5> skill_5_name </user5>
	<user6> skill_6_name </user6>
	<user7> skill_7_name </user7>
	<user8> specialization_name </user8>
	<user9> attribute_1_name </user9>
	<user10> attribute_2_name </user10>
	<user11> 0 </user11>					<!-- corresponding actor values for user 1-10 -->
	<user12> 0 </user12>
	<user13> 0 </user13>
	<user14> 0 </user14>
	<user15> 0 </user15>
	<user16> 0 </user16>
	<user17> 0 </user17>
	<user18> 0 </user18>
	<user19> 0 </user19>
	<user20> 0 </user20>
	<user21>  </user21> <!-- picture pathname -->
   
   <!-- NORTHERNUI USER24: Use hardcoded Xbox mappings, as in vanilla?
        The vanilla menu code hardcodes the mappings for the Xbox buttons 
        A, B, and X. Set this to &true; to disable that.
   -->
   <user24>&true;</user24>

	<xbuttony><ref src="class_button_create" trait="clicked" /></xbuttony>
	<xbuttonx><ref src="class_button_done"   trait="clicked" /></xbuttonx>
   
   <_listIconZoom>50</_listIconZoom>
   <_listIconSize>
      <copy src="CHECKBOX_PRELOAD" trait="fileheight" />
      <mult src="me()" trait="_listIconZoom" />
      <div>100</div>
   </_listIconSize>
   <_listRowHeight>
      <copy src="me()" trait="_listIconSize" />
      <add>8</add>
   </_listRowHeight>
   
   <image name="CHECKBOX_PRELOAD"> <!-- used above -->
      <filename>NorthernUI\checkbox\checkbox_cleared.dds</filename>
      <x>-999999</x>
      <y>0</y>
   </image>
   
   <rect name="background">
      <include src="NorthernUI\cards\border_box_ornate.xml" />
      <user20>800</user20>
      <user21>620</user21>
      <user22>&true;</user22> <!-- box-sizing:content-box -->
		<x>
			<copy src="screen()" trait="width" />
			<sub  src="me()"     trait="width" />
			<div>2</div>
		</x>
		<y>
			<copy src="screen()"   trait="height" />
			<sub  src="me()"       trait="height" />
			<sub  src="bottom_bar" trait="height" />
			<div>2</div>
		</y>
      
      <rect name="content_box">
         <include src="NorthernUI\cards\content_box.xml" />
         <text name="tip">
            <include src="NorthernUI\fonts\normal.xml" />
            <depth>3</depth>
            <justify>&center;</justify>
            <red>140</red><green>140</green><blue>140</blue>
            <string><copy src="strings()" trait="_selectclass" /></string>
            <x>
               <copy src="parent()" trait="width" />
               <div>2</div>
            </x>
            <y>0</y>
         </text>
         <rect name="main">
            <locus>&true;</locus>
            <x>0</x>
            <y>
               <copy src="sibling()" trait="height" />
               <add  src="sibling()" trait="y" />
               <add>16</add>
            </y>
            <width> <copy src="parent()" trait="width" /></width>
            <height>
               <copy src="parent()" trait="height" />
               <sub  src="me()"     trait="y" />
            </height>
            
            <rect name="body_col_left">
               <locus>&true;</locus>
               <x>0</x>
               <y>0</y>
               <width>270</width>
               <height><copy src="parent()" trait="height" /></height>
               
               <rect name="class_list_window">
                  <clipwindow>&true;</clipwindow>
                  <locus>&true;</locus>
                  <width>
                     <copy src="parent()" trait="width" />
                     <sub>
                        <copy src="scrollbar_wrapper" trait="width" />
                        <add>16</add>
                        <onlyif src="class_list_scroll_bar" trait="visible" />
                     </sub>
                  </width>
                  <height><copy src="parent()" trait="height" /></height>
                  <x>0</x>
                  <y>0</y>
                  
                  <rect name="class_list_pane">
                     <id>1</id>
                     <clips>&true;</clips>
                     <locus>&true;</locus>
                     <width><copy src="parent()" trait="width" /></width>
                     <height>
                        <copy src="me()" trait="childcount" />
                        <mult src="ClassMenu" trait="_listRowHeight" />
                     </height>
                     <x>0</x>
                     <y>
                        <copy>0</copy>
                        <sub>
                           <copy src="class_list_scroll_bar" trait="user7" />
                           <mult src="ClassMenu" trait="_listRowHeight" />
                        </sub>
                     </y>
                           
                     <!-- This is a list pane, and is not a focus itself, but when the child elements don't know how to handle
                        an input command, they defer to their parent. The following directions are for those times. -->
                     <target> &false; </target>
                     <xdefault> &true; </xdefault>
                     <xlist> &xlist; </xlist>
                     <xright> <ref src="class_button_done" trait="mouseover" /></xright>
                     <xscroll><ref src="class_list_scroll_bar" trait="user5" /></xscroll>
                     
                     <!-- list items are added here in code from the template -->
                  </rect>
               </rect>
               <rect name="scrollbar_wrapper">
                  <include src="NorthernUI\scrollbars\wrapper.xml" />
                  <x>
                     <copy src="sibling()" trait="x" />
                     <add  src="sibling()" trait="width" />
                     <add>8</add>
                  </x>
                  <y>0</y>
                  <height><copy src="class_list_window" trait="height" /></height>
                  
                  <image name="class_list_scroll_bar">
                     <include src="vertical_scroll.xml" />
                     <include src="NorthernUI\scrollbars\wrapped_v.xml" />
                     <id>2</id>
                     <user1> 0 </user1>		<!-- Minimum value that can be scrolled to (should usually be zero) -->
                     <user2> <!-- maximum range value -->
                        <copy src="class_list_pane" trait="child_count" />
                        <sub> <!-- same as me().user8, but round down -->
                           <copy src="class_list_window" trait="height" />
                           <div  src="ClassMenu" trait="_listRowHeight" />
                           <floor>0.5</floor> <!-- this argument means "round to nearest int" as long as we're not negative -->
                        </sub>
                     </user2>
                     <user3> 1 </user3>		<!-- When the scroll arrow is clicked on, this is how many items it will advance -->
                     <user4> 10 </user4>		<!-- When the scroll bar is clicked on, this is how many items it will advance -->
                     <user5> 0 </user5>		<!-- The starting position of the scroll bar (set this only once) -->
                     <user6> 3 </user6>		<!-- A unique ID so that the scroll marker can be dragged around -->
                     <!-- user7 = current value -->
                     <user8> <!-- How many items are visible at once -->
                        <copy src="class_list_window" trait="height" />
                        <div  src="ClassMenu" trait="_listRowHeight" />
                        <ceil>0</ceil>
                     </user8>
                     <user9> 0 </user9>		<!-- Manual step value (multiplied by step distance and added to scroll value -->
                     <user10> 0 </user10>	<!-- reserved -->
                  </image>
               </rect>
            </rect>
            <rect name="body_col_mid">
               <locus>&true;</locus>
               <x><copy src="sibling()" trait="width" /></x>
               <y>0</y>
               <width>368</width>
               <height><copy src="parent()" trait="height" /></height>
               
               <image name="class_picture">
                  <filename><copy src="ClassMenu" trait="user21" /></filename>
                  <depth>1</depth>
                  <width> 368</width>
                  <height>507</height>
                  <x>
                     <copy src="parent()" trait="width" />
                     <sub  src="me()"     trait="width" />
                     <div>2</div>
                  </x>
                  <y>
                     <copy src="parent()" trait="height" />
                     <sub  src="me()"     trait="height" />
                     <div>2</div>
                  </y>
               </image>
            </rect>
            <rect name="body_col_right">
               <locus>&true;</locus>
               <x>
                  <copy src="sibling()" trait="x" />
                  <add  src="sibling()" trait="width" />
                  <add>16</add>
               </x>
               <y>0</y>
               <width>
                  <copy src="parent()" trait="width" />
                  <sub  src="me()"     trait="x" />
               </width>
               <height><copy src="parent()" trait="height" /></height>
               
               <_spacing>24</_spacing>
               
               <rect name="specialization">
                  <locus>&true;</locus>
                  <x><copy src="parent()" trait="width" /></x>
                  <y>0</y>
                  <width>0</width>
                  <height>
                     <copy src="child()" trait="y" />
                     <add  src="child()" trait="height" />
                  </height>
                  
                  <text name="label">
                     <include src="NorthernUI\fonts\normal.xml" />
                     <string><copy src="strings()" trait="_specialization" /></string>
                     <justify>&right;</justify>
                     <red>140</red><green>140</green><blue>140</blue>
                     <x>0</x>
                     <y>0</y>
                  </text>
                  <text name="value">
                     <include src="NorthernUI\fonts\normal.xml" />
                     <string><copy src="ClassMenu" trait="user8" /></string>
                     <justify>&right;</justify>
                     <red>255</red><green>255</green><blue>255</blue>
                     <x>0</x>
                     <y>
                        <copy src="sibling()" trait="y" />
                        <add  src="sibling()" trait="height" />
                     </y>
                  </text>
               </rect>
               <rect name="favored_attr">
                  <locus>&true;</locus>
                  <x><copy src="parent()" trait="width" /></x>
                  <y>
                     <copy src="sibling()" trait="y" />
                     <add  src="sibling()" trait="height" />
                     <add  src="parent()"  trait="_spacing" />
                  </y>
                  <width>0</width>
                  <height>
                     <copy src="child()" trait="y" />
                     <add  src="child()" trait="height" />
                  </height>
                  
                  <text name="label_a">
                     <include src="NorthernUI\fonts\normal.xml" />
                     <string><copy src="strings()" trait="_favored" /></string>
                     <justify>&right;</justify>
                     <red>140</red><green>140</green><blue>140</blue>
                     <x>0</x>
                     <y>0</y>
                  </text>
                  <text name="label_b">
                     <include src="NorthernUI\fonts\normal.xml" />
                     <string><copy src="strings()" trait="_attributes" /></string>
                     <justify>&right;</justify>
                     <red>140</red><green>140</green><blue>140</blue>
                     <x>0</x>
                     <y>
                        <copy src="sibling()" trait="y" />
                        <add  src="sibling()" trait="height" />
                     </y>
                  </text>
                  <text name="value_1">
                     <include src="NorthernUI\fonts\normal.xml" />
                     <string><copy src="ClassMenu" trait="user9" /></string>
                     <justify>&right;</justify>
                     <red>255</red><green>255</green><blue>255</blue>
                     <x>0</x>
                     <y>
                        <copy src="sibling()" trait="y" />
                        <add  src="sibling()" trait="height" />
                     </y>
                  </text>
                  <text name="value_2">
                     <include src="NorthernUI\fonts\normal.xml" />
                     <string><copy src="ClassMenu" trait="user10" /></string>
                     <justify>&right;</justify>
                     <red>255</red><green>255</green><blue>255</blue>
                     <x>0</x>
                     <y>
                        <copy src="sibling()" trait="y" />
                        <add  src="sibling()" trait="height" />
                     </y>
                  </text>
               </rect>
               <rect name="major_skills">
                  <locus>&true;</locus>
                  <x><copy src="parent()" trait="width" /></x>
                  <y>
                     <copy src="sibling()" trait="y" />
                     <add  src="sibling()" trait="height" />
                     <add  src="parent()"  trait="_spacing" />
                  </y>
                  <width>0</width>
                  <height>
                     <copy src="child()" trait="y" />
                     <add  src="child()" trait="height" />
                  </height>
                  
                  <text name="label">
                     <include src="NorthernUI\fonts\normal.xml" />
                     <string><copy src="strings()" trait="_majorskills" /></string>
                     <justify>&right;</justify>
                     <red>140</red><green>140</green><blue>140</blue>
                     <x>0</x>
                     <y>0</y>
                  </text>
                  <text name="value_1">
                     <include src="NorthernUI\fonts\normal.xml" />
                     <string><copy src="ClassMenu" trait="user1" /></string>
                     <justify>&right;</justify>
                     <red>255</red><green>255</green><blue>255</blue>
                     <x>0</x>
                     <y>
                        <copy src="sibling()" trait="y" />
                        <add  src="sibling()" trait="height" />
                     </y>
                  </text>
                  <text name="value_2">
                     <include src="NorthernUI\fonts\normal.xml" />
                     <string><copy src="ClassMenu" trait="user2" /></string>
                     <justify>&right;</justify>
                     <red>255</red><green>255</green><blue>255</blue>
                     <x>0</x>
                     <y>
                        <copy src="sibling()" trait="y" />
                        <add  src="sibling()" trait="height" />
                     </y>
                  </text>
                  <text name="value_3">
                     <include src="NorthernUI\fonts\normal.xml" />
                     <string><copy src="ClassMenu" trait="user3" /></string>
                     <justify>&right;</justify>
                     <red>255</red><green>255</green><blue>255</blue>
                     <x>0</x>
                     <y>
                        <copy src="sibling()" trait="y" />
                        <add  src="sibling()" trait="height" />
                     </y>
                  </text>
                  <text name="value_4">
                     <include src="NorthernUI\fonts\normal.xml" />
                     <string><copy src="ClassMenu" trait="user4" /></string>
                     <justify>&right;</justify>
                     <red>255</red><green>255</green><blue>255</blue>
                     <x>0</x>
                     <y>
                        <copy src="sibling()" trait="y" />
                        <add  src="sibling()" trait="height" />
                     </y>
                  </text>
                  <text name="value_5">
                     <include src="NorthernUI\fonts\normal.xml" />
                     <string><copy src="ClassMenu" trait="user5" /></string>
                     <justify>&right;</justify>
                     <red>255</red><green>255</green><blue>255</blue>
                     <x>0</x>
                     <y>
                        <copy src="sibling()" trait="y" />
                        <add  src="sibling()" trait="height" />
                     </y>
                  </text>
                  <text name="value_6">
                     <include src="NorthernUI\fonts\normal.xml" />
                     <string><copy src="ClassMenu" trait="user6" /></string>
                     <justify>&right;</justify>
                     <red>255</red><green>255</green><blue>255</blue>
                     <x>0</x>
                     <y>
                        <copy src="sibling()" trait="y" />
                        <add  src="sibling()" trait="height" />
                     </y>
                  </text>
                  <text name="value_7">
                     <include src="NorthernUI\fonts\normal.xml" />
                     <string><copy src="ClassMenu" trait="user7" /></string>
                     <justify>&right;</justify>
                     <red>255</red><green>255</green><blue>255</blue>
                     <x>0</x>
                     <y>
                        <copy src="sibling()" trait="y" />
                        <add  src="sibling()" trait="height" />
                     </y>
                  </text>
               </rect>
            </rect>
         </rect>
      </rect>
   </rect>
   <rect name="bottom_bar">
		<include src="NorthernUI\bottom_bar.xml"/>
      
      <_labelValueSpacing>4</_labelValueSpacing>
      <_entrySpacing>24</_entrySpacing>
      
      <rect name="controls">
         <locus>&true;</locus>
         <x>
            <!-- <copy src="screen()"     trait="cropx" />
            <add  src="northernui()" trait="_xxnBottomBarPadX" /> -->
            <copy src="parent()" trait="width" />
            <sub  src="me()"     trait="width" />
            <div>2</div>
         </x>
         <y>
            <copy src="parent()" trait="height" />
            <sub  src="me()"     trait="height" />
            <div>2</div>
         </y>
         <width>
            <copy src="child()" trait="x" />
            <add  src="child()" trait="width" />
         </width>
         <height><copy src="child()" trait="height" /></height>
         
         <image name="class_button_create"> <!-- PC-only -->
            <include src="NorthernUI\buttons\gamepad_control_or_button.xml"/>
            <_dxScanCode>279</_dxScanCode>
            <clicksound>2</clicksound>
            <id>5</id>
            <x>0</x>
            <y>0</y>
            <string><copy src="strings()" trait="_customclass" /></string>
            
            <listindex>0</listindex>
            <xup>  <ref src="class_list_pane" trait="mouseover"/></xup>
            <xright>&next;</xright>
         </image>
         <image name="class_button_done">
            <include src="NorthernUI\buttons\gamepad_control_or_button.xml"/>
            <_dxScanCode>278</_dxScanCode>
            <id>4</id>
            <x>
               <copy   src="sibling()" trait="width" />
               <add    src="bottom_bar" trait="_entrySpacing" />
               <onlyif src="sibling()" trait="visible" />
               <add    src="sibling()" trait="x" />
            </x>
            <y>0</y>
            <string><copy src="strings()" trait="_done" /></string>
            
            <listindex>1</listindex>
            <xup>  <ref src="class_list_pane" trait="mouseover"/></xup>
            <xleft> &prev;</xleft>
            <xright>&next;</xright>
         </image>
      </rect>
   </rect>

	<!-- TEMPLATE ==============================================================-->
	<template name="class_template">
		<rect name="class_template">
			<id>99</id>
			<target>&true;</target>
			<locus>&true;</locus>
			<clips>&true;</clips>
			<width><copy src="parent()" trait="width" /></width>
			<height><copy src="ClassMenu" trait="_listRowHeight" /></height>
			<x>0</x>
			<y>
				<copy src="me()" trait="listindex" />
				<mult src="me()" trait="height" />
			</y>
			<depth> 1 </depth>
			<listindex> 0 </listindex>
			<wrapwidth> <copy src="child(class_template_name)" trait="wrapwidth"/> </wrapwidth>
			<user1> xxx </user1> <!-- name -->
			<user2> &false; </user2> <!-- selected -->
			
			<!-- This element is a list item. If it gets an input command it doesn't know how to handle
			     it will defer the command to its parent. The xlist trait set to true triggers this. -->
			<xdefault> &true; </xdefault>
			<xlist> &xitem; </xlist>
			<xup> &prev; </xup>
			<xdown> &next; </xdown>
			<xscroll>
				<copy src="me()" trait="listindex" />
				<sub>
					<copy src="class_list_scroll_bar" trait="user8"/>
					<div> 2 </div>
					<ceil> 0 </ceil>
				</sub>
				<add> 1 </add>
			</xscroll>
         
         <image name="checkbox">
				<clips>&true;</clips>
            <zoom><copy src="ClassMenu" trait="_listIconZoom" /></zoom>
            <_filename_1>NorthernUI\checkbox\checkbox_cleared.dds</_filename_1>
            <_filename_2>NorthernUI\checkbox\checkbox_checked.dds</_filename_2>
            <filename>
               <copy src="parent()" trait="user2" />
               <copy src="me()"     trait="_filename_" />
            </filename>
            <x>0</x>
				<y>
					<copy src="parent()" trait="height" />
					<sub  src="me()"     trait="height" />
					<div>2</div>
				</y>
				<width> <copy src="me()" trait="filewidth" /></width>
				<height><copy src="me()" trait="fileheight" /></height>
         </image>
			
			<text name="class_template_name">
            <include src="NorthernUI\fonts\normal.xml" />
				<clips>&true;</clips>
				<string><copy src="parent()" trait="user1" /></string>
				<red>
               <copy>195</copy>
               <max>
                  <copy>255</copy>
                  <mult src="parent()" trait="mouseover" />
               </max>
            </red>
            <green><copy src="me()" trait="red" /></green>
            <blue> <copy src="me()" trait="red" /></blue>
				<wrapwidth>
					<copy src="parent()" trait="width" />
					<sub  src="me()"     trait="x" />
					<sub>8</sub>
				</wrapwidth>
				<x>
               <copy src="sibling()" trait="x" />
               <add  src="sibling()" trait="width" />
					<add>16</add>
            </x>
				<y>
					<copy src="parent()" trait="height" />
					<sub  src="me()"     trait="height" />
					<div>2</div>
				</y>
			</text>
		</rect>
	</template>
</menu>
